{"stats":{"minecraft:custom":{"minecraft:mob_kills":91,"minecraft:interact_with_crafting_table":74,"minecraft:leave_game":12,"minecraft:time_since_death":3895,"minecraft:climb_one_cm":3001,"minecraft:sprint_one_cm":1360452,"minecraft:walk_one_cm":2200771,"minecraft:damage_blocked_by_shield":1300,"minecraft:drop":59,"minecraft:talked_to_villager":1,"minecraft:play_time":608460,"minecraft:sneak_time":31806,"minecraft:deaths":31,"minecraft:walk_under_water_one_cm":18798,"minecraft:boat_one_cm":663346,"minecraft:jump":10461,"minecraft:walk_on_water_one_cm":71569,"minecraft:total_world_time":608460,"minecraft:interact_with_furnace":117,"minecraft:sleep_in_bed":64,"minecraft:time_since_rest":3938,"minecraft:damage_taken":12582,"minecraft:damage_dealt":10205,"minecraft:swim_one_cm":68962,"minecraft:fly_one_cm":1705803,"minecraft:open_chest":221,"minecraft:crouch_one_cm":61435,"minecraft:fall_one_cm":248559},"minecraft:picked_up":{"minecraft:cocoa_beans":10,"minecraft:crafting_table":21,"minecraft:iron_chestplate":4,"minecraft:wheat":9,"minecraft:chicken":1,"minecraft:wooden_pickaxe":3,"minecraft:oak_stairs":4,"minecraft:shield":10,"minecraft:string":17,"minecraft:raw_copper":600,"minecraft:wooden_sword":2,"tacz:ammo":854,"minecraft:cobbled_deepslate":53,"minecraft:spruce_planks":1,"minecraft:beef":55,"minecraft:acacia_sign":3,"minecraft:oak_boat":18,"minecraft:poppy":1,"minecraft:iron_pickaxe":5,"minecraft:melon_slice":11,"minecraft:sugar_cane":14,"minecraft:furnace":1,"minecraft:egg":28,"minecraft:golden_helmet":1,"minecraft:stick":31,"minecraft:raw_iron":107,"minecraft:sandstone":16,"minecraft:oak_fence":8,"minecraft:torch":415,"minecraft:acacia_log":81,"minecraft:spruce_stairs":5,"sophisticatedbackpacks:backpack":11,"minecraft:porkchop":7,"minecraft:diorite":54,"minecraft:redstone":18,"minecraft:dark_oak_planks":3,"minecraft:orange_bed":20,"minecraft:stone_sword":20,"minecraft:arrow":104,"minecraft:stone_shovel":13,"minecraft:rotten_flesh":16,"minecraft:hay_block":44,"minecraft:mutton":10,"minecraft:white_wool":5,"minecraft:cobblestone":1523,"minecraft:clock":2,"minecraft:leather_chestplate":1,"minecraft:lilac":3,"minecraft:feather":2,"minecraft:cooked_beef":70,"minecraft:salmon":3,"minecraft:andesite":22,"minecraft:leather":29,"minecraft:flint":7,"minecraft:oak_log":116,"minecraft:lily_pad":6,"minecraft:golden_boots":1,"minecraft:gunpowder":25,"minecraft:lapis_lazuli":217,"minecraft:dirt":574,"minecraft:leather_boots":6,"minecraft:cooked_mutton":7,"minecraft:bone":32,"minecraft:acacia_planks":37,"minecraft:apple":3,"minecraft:bow":10,"minecraft:wheat_seeds":74,"minecraft:raw_gold":4,"minecraft:stone_pickaxe":23,"minecraft:cooked_chicken":4,"minecraft:bamboo":9,"tacz:gun_smith_table":2,"minecraft:iron_sword":2,"minecraft:oak_planks":65,"minecraft:acacia_sapling":1,"minecraft:dark_oak_stairs":1,"minecraft:oak_slab":62,"minecraft:gravel":147,"minecraft:sand":6,"sophisticatedbackpacks:iron_backpack":15,"minecraft:ink_sac":3,"minecraft:white_bed":15,"minecraft:spider_eye":3,"minecraft:leather_helmet":4,"minecraft:stone_axe":15,"tacz:modern_kinetic_gun":10,"minecraft:granite":10,"minecraft:bread":94,"minecraft:black_wool":1,"minecraft:oak_sapling":31,"minecraft:brown_banner":1,"minecraft:melon_seeds":1,"minecraft:coal":540},"minecraft:crafted":{"minecraft:black_dye":1,"minecraft:wooden_sword":3,"minecraft:oak_planks":184,"minecraft:stone_shovel":2,"minecraft:leather_boots":1,"minecraft:furnace":15,"minecraft:cooked_mutton":2,"minecraft:stone_pickaxe":11,"minecraft:chest":18,"minecraft:copper_block":15,"minecraft:wheat":72,"sophisticatedbackpacks:iron_backpack":1,"minecraft:cooked_beef":41,"minecraft:crafting_table":10,"minecraft:wooden_pickaxe":1,"minecraft:iron_sword":1,"minecraft:copper_ingot":233,"minecraft:leather_helmet":1,"minecraft:bucket":1,"minecraft:stone_axe":3,"minecraft:bread":24,"minecraft:air":0,"minecraft:oak_boat":4,"minecraft:wooden_hoe":8,"minecraft:iron_chestplate":2,"minecraft:charcoal":26,"minecraft:shield":3,"minecraft:stick":104,"minecraft:iron_ingot":73,"minecraft:iron_pickaxe":2,"minecraft:stone_sword":2,"minecraft:white_bed":1,"minecraft:acacia_planks":160,"minecraft:torch":156},"minecraft:killed":{"minecraft:spider":7,"minecraft:skeleton":16,"minecraft:chicken":1,"minecraft:drowned":2,"thehorrid:fleshleech":3,"minecraft:pig":3,"minecraft:salmon":1,"minecraft:squid":1,"minecraft:creeper":12,"minecraft:sheep":6,"sackman:sackman":2,"minecraft:pillager":1,"minecraft:zombie":10,"minecraft:cow":21},"minecraft:mined":{"minecraft:white_bed":4,"minecraft:granite":7,"minecraft:acacia_log":32,"minecraft:grass_block":144,"sophisticatedbackpacks:iron_backpack":5,"tacz:gun_smith_table":1,"minecraft:hay_block":44,"minecraft:tall_seagrass":2,"minecraft:redstone_ore":2,"minecraft:furnace":2,"minecraft:iron_ore":66,"minecraft:cobbled_deepslate":4,"minecraft:fire":4,"minecraft:andesite":15,"minecraft:deepslate_lapis_ore":13,"minecraft:dirt_path":1,"minecraft:deepslate_iron_ore":10,"minecraft:bamboo":1,"minecraft:stone":638,"sophisticatedbackpacks:backpack":2,"minecraft:orange_bed":8,"minecraft:deepslate_redstone_ore":2,"minecraft:acacia_leaves":2,"minecraft:oak_fence":4,"minecraft:crafting_table":10,"minecraft:torch":18,"minecraft:poppy":1,"minecraft:melon":2,"minecraft:copper_ore":150,"minecraft:tall_grass":8,"minecraft:cobblestone":37,"minecraft:deepslate_gold_ore":4,"minecraft:lapis_ore":9,"minecraft:oak_planks":6,"minecraft:sugar_cane":3,"minecraft:diorite":24,"minecraft:wall_torch":8,"minecraft:deepslate_copper_ore":5,"minecraft:wheat":4,"minecraft:lilac":1,"minecraft:brown_wall_banner":1,"minecraft:mangrove_leaves":3,"minecraft:grass":240,"minecraft:oak_log":56,"minecraft:coal_ore":360,"minecraft:cocoa":4,"minecraft:gravel":67,"minecraft:dirt":42,"minecraft:sand":2,"minecraft:cobweb":4,"minecraft:oak_leaves":15,"minecraft:deepslate":39},"minecraft:killed_by":{"sackman:sackman":3,"minecraft:creeper":1,"minecraft:enderman":1,"minecraft:drowned":1,"sanitydim:rotting_stalker":2,"mimicer:mimicer":6,"thehorrid:horrid_hunter":1,"man:managgresive":1,"sanitydim:sneaking_terror":3,"minecraft:skeleton":3,"minecraft:zombie":1,"cave_dweller:cave_dweller":1,"assimilator:assimilator":6},"minecraft:broken":{"minecraft:leather_helmet":1,"minecraft:golden_helmet":1,"minecraft:stone_pickaxe":4,"minecraft:stone_axe":1,"minecraft:iron_pickaxe":2,"minecraft:wooden_hoe":4,"minecraft:stone_shovel":1},"minecraft:used":{"minecraft:stone_sword":152,"sophisticatedbackpacks:iron_backpack":5,"minecraft:stone_shovel":218,"tacz:gun_smith_table":2,"minecraft:chest":15,"minecraft:shield":33,"minecraft:iron_sword":10,"minecraft:cooked_chicken":4,"minecraft:rotten_flesh":2,"minecraft:orange_bed":20,"minecraft:torch":102,"minecraft:dirt":155,"minecraft:bow":6,"minecraft:furnace":16,"minecraft:egg":3,"minecraft:cooked_beef":37,"minecraft:cobbled_deepslate":11,"minecraft:wheat_seeds":74,"minecraft:water_bucket":12,"minecraft:cooked_mutton":2,"minecraft:stone_pickaxe":890,"minecraft:oak_planks":12,"minecraft:wooden_pickaxe":6,"minecraft:sandstone":1,"minecraft:crafting_table":18,"minecraft:white_bed":13,"minecraft:wooden_hoe":259,"sophisticatedbackpacks:backpack":3,"minecraft:apple":3,"minecraft:acacia_sign":1,"minecraft:bread":33,"minecraft:iron_pickaxe":502,"minecraft:stone_axe":208,"minecraft:wooden_sword":27,"minecraft:cobblestone":138,"minecraft:cooked_porkchop":4,"minecraft:bucket":12,"minecraft:andesite":1,"minecraft:oak_boat":15},"minecraft:dropped":{"sophisticatedbackpacks:iron_backpack":1,"minecraft:bread":23,"minecraft:iron_ingot":15,"minecraft:iron_sword":1,"minecraft:wheat_seeds":1,"minecraft:cooked_beef":11,"minecraft:oak_log":16,"minecraft:copper_block":15,"minecraft:cobblestone":463,"minecraft:leather":3,"minecraft:diorite":16,"minecraft:torch":20,"minecraft:oak_stairs":4,"tacz:modern_kinetic_gun":2,"minecraft:string":8,"minecraft:bone":1,"minecraft:sugar_cane":8,"minecraft:stone_sword":3,"minecraft:cobbled_deepslate":1,"minecraft:cocoa_beans":10,"minecraft:rotten_flesh":3,"sophisticatedbackpacks:backpack":3,"minecraft:white_bed":1,"minecraft:poppy":1,"minecraft:shield":2,"minecraft:gunpowder":2,"minecraft:iron_chestplate":3,"tacz:ammo":120,"minecraft:bow":2,"minecraft:arrow":6,"minecraft:wooden_pickaxe":1,"minecraft:stone_pickaxe":2}},"DataVersion":3120}