{"stats":{"minecraft:broken":{"minecraft:leather_helmet":1,"minecraft:golden_helmet":1,"minecraft:golden_boots":1,"minecraft:stone_pickaxe":32,"minecraft:leather_boots":1,"minecraft:stone_axe":6,"minecraft:iron_pickaxe":2,"minecraft:wooden_hoe":4,"minecraft:stone_shovel":2},"minecraft:picked_up":{"minecraft:cocoa_beans":10,"minecraft:crafting_table":28,"minecraft:iron_chestplate":4,"minecraft:wheat":1242,"minecraft:chicken":1,"minecraft:wooden_pickaxe":3,"minecraft:oak_stairs":4,"minecraft:shield":18,"minecraft:item_frame":1,"minecraft:string":25,"minecraft:raw_copper":1253,"minecraft:wooden_sword":2,"tacz:ammo":3670,"minecraft:cobbled_deepslate":53,"minecraft:spruce_planks":1,"minecraft:beef":81,"minecraft:acacia_sign":4,"minecraft:oak_boat":20,"minecraft:iron_nugget":8,"minecraft:poppy":1,"minecraft:iron_pickaxe":5,"minecraft:melon_slice":15,"minecraft:sugar_cane":14,"minecraft:chest":7,"minecraft:furnace":1,"minecraft:egg":36,"minecraft:golden_helmet":1,"minecraft:raw_iron":124,"minecraft:stick":66,"minecraft:sandstone":16,"minecraft:copper_ingot":128,"sophisticatedbackpacks:crafting_upgrade":1,"minecraft:oak_fence":8,"minecraft:torch":708,"minecraft:acacia_log":81,"minecraft:spruce_stairs":5,"sophisticatedbackpacks:backpack":11,"minecraft:porkchop":7,"tombstone:grave_dust":2,"minecraft:diorite":411,"minecraft:redstone":18,"minecraft:dark_oak_planks":3,"minecraft:orange_bed":24,"minecraft:stone_sword":22,"minecraft:arrow":126,"minecraft:stone_shovel":23,"minecraft:rotten_flesh":75,"minecraft:hay_block":44,"minecraft:mutton":21,"minecraft:white_wool":6,"minecraft:cobblestone":4947,"minecraft:lilac":3,"minecraft:leather_chestplate":1,"minecraft:feather":2,"minecraft:clock":12,"minecraft:cooked_beef":141,"minecraft:andesite":35,"minecraft:salmon":3,"minecraft:leather":35,"minecraft:brown_wool":2,"minecraft:flint":7,"minecraft:oak_log":814,"minecraft:lily_pad":6,"minecraft:golden_boots":1,"minecraft:gunpowder":110,"minecraft:cobblestone_stairs":1,"minecraft:lapis_lazuli":376,"minecraft:dirt":1183,"minecraft:cooked_mutton":51,"minecraft:leather_boots":8,"minecraft:bone":82,"minecraft:acacia_planks":52,"minecraft:apple":11,"minecraft:bow":16,"minecraft:wheat_seeds":3452,"minecraft:iron_ingot":23,"minecraft:raw_gold":4,"minecraft:oak_fence_gate":5,"minecraft:stone_pickaxe":32,"minecraft:cooked_chicken":4,"minecraft:bamboo":9,"tacz:gun_smith_table":2,"minecraft:oak_planks":67,"minecraft:iron_sword":9,"minecraft:acacia_sapling":1,"minecraft:dark_oak_stairs":1,"minecraft:oak_slab":76,"minecraft:gravel":158,"minecraft:sand":6,"sophisticatedbackpacks:iron_backpack":31,"minecraft:ink_sac":3,"minecraft:white_bed":32,"minecraft:spider_eye":8,"minecraft:leather_helmet":4,"minecraft:stone_axe":26,"tacz:modern_kinetic_gun":18,"minecraft:granite":42,"minecraft:bread":286,"minecraft:melon_seeds":2,"minecraft:oak_sapling":60,"minecraft:brown_banner":1,"minecraft:black_wool":2,"minecraft:coal":873,"minecraft:ender_pearl":1},"minecraft:dropped":{"minecraft:iron_ingot":15,"sophisticatedbackpacks:iron_backpack":1,"minecraft:bread":38,"minecraft:iron_sword":2,"minecraft:wheat_seeds":1371,"minecraft:cooked_beef":11,"minecraft:oak_log":264,"minecraft:copper_block":15,"minecraft:cobblestone":2943,"minecraft:leather":3,"minecraft:dirt":2,"minecraft:diorite":375,"minecraft:torch":20,"tombstone:grave_dust":3,"minecraft:oak_stairs":4,"tacz:modern_kinetic_gun":2,"minecraft:string":8,"minecraft:bone":5,"minecraft:gravel":9,"minecraft:sugar_cane":8,"minecraft:stone_sword":3,"minecraft:cobbled_deepslate":1,"minecraft:cocoa_beans":10,"minecraft:rotten_flesh":18,"minecraft:oak_planks":1,"sophisticatedbackpacks:backpack":3,"minecraft:cooked_mutton":7,"minecraft:white_bed":1,"minecraft:poppy":1,"minecraft:shield":2,"minecraft:gunpowder":2,"minecraft:iron_chestplate":3,"minecraft:andesite":6,"minecraft:oak_sapling":1,"minecraft:spider_eye":1,"tacz:ammo":120,"minecraft:arrow":6,"minecraft:bow":2,"minecraft:wooden_pickaxe":1,"minecraft:stone_pickaxe":2},"minecraft:killed_by":{"sackman:sackman":4,"minecraft:creeper":1,"minecraft:enderman":4,"minecraft:drowned":1,"sanitydim:rotting_stalker":4,"mimicer:mimicer":14,"thehorrid:horrid_hunter":3,"man:managgresive":4,"sanitydim:sneaking_terror":4,"minecraft:skeleton":3,"minecraft:zombie":2,"cave_dweller:cave_dweller":1,"assimilator:assimilator":9},"minecraft:custom":{"minecraft:mob_kills":183,"minecraft:interact_with_crafting_table":124,"minecraft:leave_game":21,"minecraft:time_since_death":45817,"minecraft:climb_one_cm":3413,"minecraft:sprint_one_cm":2683655,"minecraft:walk_one_cm":4290169,"minecraft:damage_blocked_by_shield":2910,"minecraft:drop":157,"minecraft:talked_to_villager":3,"minecraft:play_time":1170740,"minecraft:sneak_time":39925,"minecraft:deaths":58,"minecraft:walk_under_water_one_cm":24624,"minecraft:boat_one_cm":665325,"minecraft:jump":18259,"minecraft:walk_on_water_one_cm":83544,"minecraft:total_world_time":1170740,"minecraft:interact_with_furnace":244,"minecraft:traded_with_villager":7,"minecraft:sleep_in_bed":120,"minecraft:time_since_rest":515,"minecraft:damage_taken":23923,"minecraft:damage_dealt":16518,"minecraft:swim_one_cm":97341,"minecraft:fly_one_cm":3092172,"minecraft:open_chest":553,"minecraft:crouch_one_cm":70589,"tombstone:undead_killed":9,"minecraft:fall_one_cm":431333},"minecraft:crafted":{"minecraft:black_dye":1,"minecraft:wooden_sword":3,"minecraft:oak_planks":220,"minecraft:stone_shovel":3,"minecraft:leather_boots":1,"minecraft:furnace":17,"minecraft:stone":64,"minecraft:cooked_mutton":10,"minecraft:stone_pickaxe":25,"minecraft:chest":19,"minecraft:copper_block":15,"sophisticatedbackpacks:iron_backpack":1,"minecraft:wheat":72,"minecraft:cooked_beef":67,"minecraft:crafting_table":10,"minecraft:wooden_pickaxe":1,"minecraft:iron_sword":2,"minecraft:copper_ingot":587,"minecraft:leather_helmet":1,"minecraft:bucket":1,"minecraft:stone_axe":11,"minecraft:bread":355,"minecraft:air":0,"minecraft:oak_boat":4,"minecraft:iron_chestplate":2,"minecraft:wooden_hoe":8,"minecraft:charcoal":26,"minecraft:acacia_sign":3,"minecraft:shield":3,"minecraft:stick":140,"minecraft:gunpowder":7,"minecraft:iron_ingot":90,"minecraft:iron_pickaxe":2,"minecraft:stone_sword":2,"minecraft:white_bed":2,"minecraft:acacia_planks":160,"minecraft:torch":156},"minecraft:mined":{"minecraft:white_bed":12,"minecraft:glow_lichen":1,"minecraft:granite":31,"minecraft:acacia_log":32,"minecraft:grass_block":180,"sophisticatedbackpacks:iron_backpack":9,"tacz:gun_smith_table":1,"minecraft:hay_block":44,"minecraft:tall_seagrass":2,"minecraft:redstone_ore":2,"minecraft:furnace":2,"minecraft:iron_ore":82,"minecraft:fire":4,"minecraft:cobbled_deepslate":4,"minecraft:andesite":27,"minecraft:deepslate_lapis_ore":13,"minecraft:dirt_path":1,"minecraft:deepslate_iron_ore":10,"minecraft:bamboo":1,"minecraft:stone":3603,"sophisticatedbackpacks:backpack":2,"minecraft:orange_bed":8,"minecraft:oak_slab":12,"minecraft:deepslate_redstone_ore":2,"minecraft:acacia_leaves":2,"minecraft:oak_fence":4,"minecraft:crafting_table":14,"minecraft:torch":20,"minecraft:poppy":1,"minecraft:melon":2,"minecraft:chest":7,"minecraft:copper_ore":253,"minecraft:tall_grass":9,"minecraft:cobblestone":45,"minecraft:deepslate_gold_ore":4,"minecraft:lapis_ore":9,"minecraft:oak_planks":6,"minecraft:sugar_cane":3,"minecraft:wall_torch":9,"minecraft:diorite":382,"minecraft:deepslate_copper_ore":5,"minecraft:wheat":1221,"minecraft:lilac":1,"minecraft:brown_wall_banner":1,"minecraft:mangrove_leaves":3,"minecraft:grass":268,"minecraft:coal_ore":506,"minecraft:oak_log":601,"minecraft:cocoa":4,"minecraft:oak_fence_gate":5,"minecraft:gravel":69,"minecraft:dirt":156,"minecraft:sand":2,"minecraft:cobweb":4,"minecraft:oak_leaves":111,"minecraft:deepslate":39},"minecraft:used":{"minecraft:stone_sword":173,"sophisticatedbackpacks:iron_backpack":9,"minecraft:stone_shovel":343,"tacz:gun_smith_table":2,"minecraft:chest":30,"minecraft:shield":75,"minecraft:stone":6,"minecraft:iron_sword":134,"minecraft:cooked_chicken":4,"minecraft:rotten_flesh":2,"minecraft:orange_bed":24,"minecraft:torch":149,"minecraft:dirt":426,"minecraft:granite":1,"minecraft:oak_fence_gate":3,"minecraft:bow":42,"minecraft:oak_sapling":1,"minecraft:furnace":18,"tombstone:gift":4,"minecraft:egg":10,"minecraft:cooked_beef":65,"minecraft:cobbled_deepslate":11,"minecraft:cooked_mutton":10,"minecraft:water_bucket":12,"minecraft:wheat_seeds":1413,"minecraft:stone_pickaxe":4524,"minecraft:oak_planks":12,"minecraft:wooden_pickaxe":6,"minecraft:sandstone":1,"minecraft:crafting_table":23,"minecraft:white_bed":31,"minecraft:oak_log":1,"minecraft:wooden_hoe":259,"sophisticatedbackpacks:backpack":3,"minecraft:apple":3,"minecraft:acacia_sign":4,"minecraft:iron_pickaxe":502,"minecraft:bread":111,"minecraft:melon_slice":9,"minecraft:stone_button":1,"minecraft:stone_axe":895,"minecraft:cobblestone":143,"minecraft:wooden_sword":27,"minecraft:cooked_porkchop":4,"minecraft:andesite":6,"minecraft:bucket":12,"minecraft:oak_boat":17},"minecraft:killed":{"thehorrid:fakeleech":1,"minecraft:spider":13,"minecraft:skeleton":31,"minecraft:chicken":1,"minecraft:drowned":2,"thehorrid:fleshleech":5,"minecraft:pig":3,"minecraft:salmon":1,"minecraft:squid":1,"minecraft:creeper":47,"minecraft:sheep":8,"sackman:sackman":3,"minecraft:pillager":1,"minecraft:zombie":21,"minecraft:cow":32}},"DataVersion":3120}