{"stats":{"minecraft:custom":{"minecraft:mob_kills":87,"minecraft:interact_with_crafting_table":73,"minecraft:leave_game":12,"minecraft:time_since_death":46877,"minecraft:climb_one_cm":2789,"minecraft:sprint_one_cm":1283197,"minecraft:walk_one_cm":2131060,"minecraft:damage_blocked_by_shield":1300,"minecraft:drop":59,"minecraft:talked_to_villager":1,"minecraft:play_time":584460,"minecraft:sneak_time":31751,"minecraft:deaths":23,"minecraft:walk_under_water_one_cm":18251,"minecraft:boat_one_cm":663346,"minecraft:jump":9869,"minecraft:walk_on_water_one_cm":70071,"minecraft:total_world_time":584460,"minecraft:interact_with_furnace":117,"minecraft:sleep_in_bed":60,"minecraft:time_since_rest":14905,"minecraft:damage_taken":10529,"minecraft:damage_dealt":9583,"minecraft:swim_one_cm":60808,"minecraft:fly_one_cm":1585378,"minecraft:open_chest":220,"minecraft:crouch_one_cm":61375,"minecraft:fall_one_cm":228591},"minecraft:picked_up":{"minecraft:cocoa_beans":10,"minecraft:crafting_table":19,"minecraft:iron_chestplate":4,"minecraft:wheat":5,"minecraft:chicken":1,"minecraft:wooden_pickaxe":3,"minecraft:oak_stairs":4,"minecraft:shield":8,"minecraft:string":17,"minecraft:raw_copper":600,"minecraft:wooden_sword":2,"tacz:ammo":770,"minecraft:cobbled_deepslate":53,"minecraft:spruce_planks":1,"minecraft:beef":55,"minecraft:acacia_sign":3,"minecraft:oak_boat":18,"minecraft:poppy":1,"minecraft:iron_pickaxe":5,"minecraft:melon_slice":11,"minecraft:sugar_cane":14,"minecraft:furnace":1,"minecraft:egg":27,"minecraft:golden_helmet":1,"minecraft:stick":31,"minecraft:raw_iron":107,"minecraft:sandstone":16,"minecraft:oak_fence":8,"minecraft:torch":334,"minecraft:acacia_log":79,"minecraft:spruce_stairs":5,"sophisticatedbackpacks:backpack":11,"minecraft:porkchop":7,"minecraft:diorite":54,"minecraft:redstone":18,"minecraft:dark_oak_planks":3,"minecraft:orange_bed":18,"minecraft:stone_sword":18,"minecraft:arrow":104,"minecraft:stone_shovel":11,"minecraft:rotten_flesh":16,"minecraft:hay_block":44,"minecraft:mutton":5,"minecraft:white_wool":3,"minecraft:cobblestone":1520,"minecraft:leather_chestplate":1,"minecraft:lilac":3,"minecraft:feather":2,"minecraft:cooked_beef":66,"minecraft:salmon":3,"minecraft:andesite":22,"minecraft:leather":29,"minecraft:flint":7,"minecraft:oak_log":116,"minecraft:lily_pad":6,"minecraft:golden_boots":1,"minecraft:gunpowder":25,"minecraft:lapis_lazuli":217,"minecraft:dirt":445,"minecraft:leather_boots":4,"minecraft:cooked_mutton":7,"minecraft:bone":32,"minecraft:acacia_planks":37,"minecraft:apple":3,"minecraft:bow":10,"minecraft:wheat_seeds":63,"minecraft:raw_gold":4,"minecraft:stone_pickaxe":20,"minecraft:cooked_chicken":4,"minecraft:bamboo":9,"tacz:gun_smith_table":2,"minecraft:iron_sword":2,"minecraft:oak_planks":65,"minecraft:acacia_sapling":1,"minecraft:dark_oak_stairs":1,"minecraft:oak_slab":62,"minecraft:gravel":147,"minecraft:sand":6,"sophisticatedbackpacks:iron_backpack":11,"minecraft:ink_sac":3,"minecraft:white_bed":15,"minecraft:spider_eye":3,"minecraft:leather_helmet":4,"minecraft:stone_axe":13,"tacz:modern_kinetic_gun":8,"minecraft:granite":10,"minecraft:bread":89,"minecraft:oak_sapling":31,"minecraft:brown_banner":1,"minecraft:melon_seeds":1,"minecraft:coal":540},"minecraft:crafted":{"minecraft:black_dye":1,"minecraft:wooden_sword":3,"minecraft:oak_planks":184,"minecraft:stone_shovel":2,"minecraft:leather_boots":1,"minecraft:furnace":15,"minecraft:cooked_mutton":2,"minecraft:stone_pickaxe":10,"minecraft:chest":18,"minecraft:copper_block":15,"minecraft:wheat":72,"sophisticatedbackpacks:iron_backpack":1,"minecraft:cooked_beef":41,"minecraft:crafting_table":9,"minecraft:wooden_pickaxe":1,"minecraft:iron_sword":1,"minecraft:copper_ingot":233,"minecraft:leather_helmet":1,"minecraft:bucket":1,"minecraft:stone_axe":3,"minecraft:bread":24,"minecraft:air":0,"minecraft:oak_boat":4,"minecraft:wooden_hoe":8,"minecraft:iron_chestplate":2,"minecraft:charcoal":26,"minecraft:shield":3,"minecraft:stick":100,"minecraft:iron_ingot":73,"minecraft:iron_pickaxe":2,"minecraft:stone_sword":2,"minecraft:white_bed":1,"minecraft:acacia_planks":152,"minecraft:torch":156},"minecraft:killed":{"minecraft:spider":7,"minecraft:skeleton":16,"minecraft:chicken":1,"minecraft:drowned":2,"thehorrid:fleshleech":3,"minecraft:pig":3,"minecraft:salmon":1,"minecraft:squid":1,"minecraft:creeper":12,"minecraft:sheep":3,"sackman:sackman":1,"minecraft:pillager":1,"minecraft:zombie":10,"minecraft:cow":21},"minecraft:mined":{"minecraft:white_bed":4,"minecraft:granite":7,"minecraft:acacia_log":30,"minecraft:grass_block":144,"sophisticatedbackpacks:iron_backpack":3,"tacz:gun_smith_table":1,"minecraft:hay_block":44,"minecraft:tall_seagrass":2,"minecraft:redstone_ore":2,"minecraft:furnace":2,"minecraft:iron_ore":66,"minecraft:cobbled_deepslate":4,"minecraft:fire":3,"minecraft:andesite":15,"minecraft:deepslate_lapis_ore":13,"minecraft:dirt_path":1,"minecraft:deepslate_iron_ore":10,"minecraft:bamboo":1,"minecraft:stone":635,"sophisticatedbackpacks:backpack":2,"minecraft:orange_bed":8,"minecraft:deepslate_redstone_ore":2,"minecraft:acacia_leaves":2,"minecraft:oak_fence":4,"minecraft:crafting_table":9,"minecraft:torch":18,"minecraft:poppy":1,"minecraft:melon":2,"minecraft:copper_ore":150,"minecraft:tall_grass":8,"minecraft:cobblestone":37,"minecraft:deepslate_gold_ore":4,"minecraft:lapis_ore":9,"minecraft:oak_planks":6,"minecraft:sugar_cane":3,"minecraft:diorite":24,"minecraft:wall_torch":7,"minecraft:deepslate_copper_ore":5,"minecraft:lilac":1,"minecraft:brown_wall_banner":1,"minecraft:mangrove_leaves":3,"minecraft:grass":239,"minecraft:oak_log":56,"minecraft:coal_ore":360,"minecraft:cocoa":4,"minecraft:gravel":67,"minecraft:dirt":42,"minecraft:sand":2,"minecraft:cobweb":4,"minecraft:oak_leaves":15,"minecraft:deepslate":39},"minecraft:killed_by":{"sackman:sackman":2,"minecraft:creeper":1,"minecraft:enderman":1,"minecraft:drowned":1,"sanitydim:rotting_stalker":2,"mimicer:mimicer":3,"thehorrid:horrid_hunter":1,"sanitydim:sneaking_terror":3,"minecraft:skeleton":3,"cave_dweller:cave_dweller":1,"assimilator:assimilator":4},"minecraft:broken":{"minecraft:leather_helmet":1,"minecraft:golden_helmet":1,"minecraft:stone_pickaxe":4,"minecraft:stone_axe":1,"minecraft:iron_pickaxe":2,"minecraft:wooden_hoe":4,"minecraft:stone_shovel":1},"minecraft:used":{"minecraft:stone_sword":152,"sophisticatedbackpacks:iron_backpack":3,"minecraft:stone_shovel":218,"tacz:gun_smith_table":2,"minecraft:chest":15,"minecraft:shield":33,"minecraft:iron_sword":10,"minecraft:cooked_chicken":4,"minecraft:rotten_flesh":2,"minecraft:orange_bed":18,"minecraft:torch":102,"minecraft:dirt":151,"minecraft:bow":6,"minecraft:furnace":16,"minecraft:egg":2,"minecraft:cooked_beef":37,"minecraft:cobbled_deepslate":11,"minecraft:wheat_seeds":63,"minecraft:water_bucket":12,"minecraft:cooked_mutton":2,"minecraft:stone_pickaxe":887,"minecraft:oak_planks":12,"minecraft:wooden_pickaxe":6,"minecraft:sandstone":1,"minecraft:crafting_table":17,"minecraft:white_bed":13,"minecraft:wooden_hoe":259,"sophisticatedbackpacks:backpack":3,"minecraft:apple":3,"minecraft:acacia_sign":1,"minecraft:bread":30,"minecraft:iron_pickaxe":502,"minecraft:stone_axe":205,"minecraft:wooden_sword":27,"minecraft:cobblestone":138,"minecraft:cooked_porkchop":4,"minecraft:bucket":12,"minecraft:andesite":1,"minecraft:oak_boat":15},"minecraft:dropped":{"sophisticatedbackpacks:iron_backpack":1,"minecraft:bread":23,"minecraft:iron_ingot":15,"minecraft:iron_sword":1,"minecraft:wheat_seeds":1,"minecraft:cooked_beef":11,"minecraft:oak_log":16,"minecraft:copper_block":15,"minecraft:cobblestone":463,"minecraft:leather":3,"minecraft:diorite":16,"minecraft:torch":20,"minecraft:oak_stairs":4,"tacz:modern_kinetic_gun":2,"minecraft:string":8,"minecraft:bone":1,"minecraft:sugar_cane":8,"minecraft:stone_sword":3,"minecraft:cobbled_deepslate":1,"minecraft:cocoa_beans":10,"minecraft:rotten_flesh":3,"sophisticatedbackpacks:backpack":3,"minecraft:white_bed":1,"minecraft:poppy":1,"minecraft:shield":2,"minecraft:gunpowder":2,"minecraft:iron_chestplate":3,"tacz:ammo":120,"minecraft:bow":2,"minecraft:arrow":6,"minecraft:wooden_pickaxe":1,"minecraft:stone_pickaxe":2}},"DataVersion":3120}