{"stats":{"minecraft:dropped":{"minecraft:sugar_cane":8,"minecraft:stone_sword":1,"minecraft:cocoa_beans":10,"minecraft:cobblestone":1,"minecraft:leather":3,"sophisticatedbackpacks:backpack":1,"minecraft:gunpowder":2,"minecraft:stone_pickaxe":1,"minecraft:wooden_pickaxe":1,"minecraft:string":7},"minecraft:picked_up":{"minecraft:cocoa_beans":10,"minecraft:crafting_table":9,"minecraft:leather_chestplate":1,"minecraft:wheat":5,"minecraft:cooked_beef":44,"minecraft:lilac":3,"minecraft:leather":25,"minecraft:wooden_pickaxe":3,"minecraft:oak_log":96,"minecraft:lily_pad":6,"minecraft:shield":1,"minecraft:gunpowder":15,"minecraft:string":8,"minecraft:dirt":105,"minecraft:raw_copper":241,"minecraft:wooden_sword":2,"minecraft:bone":9,"minecraft:apple":3,"minecraft:bow":1,"minecraft:wheat_seeds":27,"minecraft:spruce_planks":1,"minecraft:beef":43,"minecraft:stone_pickaxe":13,"minecraft:cooked_chicken":4,"minecraft:oak_boat":16,"minecraft:bamboo":9,"minecraft:melon_slice":11,"minecraft:sugar_cane":14,"minecraft:acacia_sapling":1,"minecraft:oak_planks":18,"minecraft:dark_oak_stairs":1,"minecraft:egg":19,"minecraft:raw_iron":7,"minecraft:stick":28,"minecraft:sandstone":16,"minecraft:torch":92,"minecraft:acacia_log":20,"minecraft:spruce_stairs":5,"sophisticatedbackpacks:backpack":7,"minecraft:gravel":6,"minecraft:porkchop":7,"minecraft:sand":6,"minecraft:ink_sac":3,"minecraft:diorite":6,"minecraft:white_bed":3,"minecraft:spider_eye":3,"minecraft:leather_helmet":1,"minecraft:dark_oak_planks":3,"minecraft:orange_bed":1,"minecraft:stone_sword":7,"minecraft:arrow":18,"minecraft:rotten_flesh":5,"minecraft:stone_axe":7,"minecraft:hay_block":44,"minecraft:oak_sapling":24,"minecraft:brown_banner":1,"minecraft:melon_seeds":1,"minecraft:mutton":5,"minecraft:coal":246,"minecraft:white_wool":3,"minecraft:cobblestone":143},"minecraft:crafted":{"minecraft:cooked_beef":17,"minecraft:wooden_sword":3,"minecraft:oak_planks":168,"minecraft:stone_shovel":1,"minecraft:crafting_table":6,"minecraft:wooden_pickaxe":1,"minecraft:furnace":10,"minecraft:leather_helmet":1,"minecraft:stone_axe":2,"minecraft:cooked_mutton":2,"minecraft:air":0,"minecraft:oak_boat":4,"minecraft:charcoal":26,"minecraft:shield":1,"minecraft:stick":28,"minecraft:iron_ingot":2,"minecraft:stone_pickaxe":6,"minecraft:stone_sword":2,"minecraft:chest":15,"minecraft:white_bed":1,"minecraft:acacia_planks":80,"minecraft:torch":40},"minecraft:killed":{"minecraft:pig":3,"minecraft:spider":4,"minecraft:creeper":5,"minecraft:squid":1,"minecraft:sheep":3,"minecraft:skeleton":5,"minecraft:zombie":2,"minecraft:drowned":1,"minecraft:cow":17},"minecraft:broken":{"minecraft:stone_axe":1},"minecraft:mined":{"minecraft:acacia_leaves":2,"minecraft:white_bed":3,"minecraft:crafting_table":5,"minecraft:torch":6,"minecraft:acacia_log":22,"minecraft:grass_block":50,"minecraft:melon":2,"minecraft:copper_ore":62,"minecraft:tall_grass":1,"minecraft:cobblestone":6,"minecraft:diorite":2,"minecraft:oak_planks":1,"minecraft:sugar_cane":3,"minecraft:wall_torch":1,"minecraft:hay_block":44,"minecraft:tall_seagrass":2,"minecraft:iron_ore":5,"minecraft:lilac":1,"minecraft:brown_wall_banner":1,"minecraft:dirt_path":1,"minecraft:mangrove_leaves":3,"minecraft:grass":25,"minecraft:coal_ore":147,"minecraft:oak_log":52,"minecraft:cocoa":4,"minecraft:sand":2,"minecraft:gravel":4,"minecraft:dirt":11,"minecraft:bamboo":1,"minecraft:stone":111,"sophisticatedbackpacks:backpack":1,"minecraft:oak_leaves":10},"minecraft:used":{"minecraft:cooked_mutton":2,"minecraft:stone_sword":90,"minecraft:stone_shovel":43,"minecraft:stone_pickaxe":332,"minecraft:oak_planks":10,"minecraft:wooden_pickaxe":6,"minecraft:chest":5,"minecraft:shield":6,"minecraft:sandstone":1,"minecraft:cooked_chicken":4,"minecraft:torch":23,"minecraft:dirt":51,"minecraft:crafting_table":9,"minecraft:white_bed":2,"sophisticatedbackpacks:backpack":2,"minecraft:apple":3,"minecraft:wooden_sword":27,"minecraft:stone_axe":174,"minecraft:cobblestone":36,"minecraft:furnace":10,"minecraft:oak_boat":15,"minecraft:egg":2,"minecraft:cooked_beef":22},"minecraft:killed_by":{"sanitydim:sneaking_terror":2,"sackman:sackman":1,"minecraft:skeleton":2,"minecraft:drowned":1,"assimilator:assimilator":2},"minecraft:custom":{"minecraft:interact_with_furnace":44,"minecraft:mob_kills":45,"minecraft:interact_with_crafting_table":38,"minecraft:leave_game":10,"minecraft:time_since_death":39552,"minecraft:climb_one_cm":2789,"minecraft:sleep_in_bed":22,"minecraft:time_since_rest":11658,"minecraft:sprint_one_cm":540005,"minecraft:damage_taken":3789,"minecraft:walk_one_cm":841990,"minecraft:damage_blocked_by_shield":270,"minecraft:drop":10,"minecraft:damage_dealt":6234,"minecraft:swim_one_cm":27939,"minecraft:fly_one_cm":881483,"minecraft:open_chest":60,"minecraft:play_time":243011,"minecraft:crouch_one_cm":31727,"minecraft:sneak_time":13509,"minecraft:deaths":8,"minecraft:walk_under_water_one_cm":9231,"minecraft:boat_one_cm":663346,"minecraft:jump":4547,"minecraft:walk_on_water_one_cm":41720,"minecraft:total_world_time":243011,"minecraft:fall_one_cm":100748}},"DataVersion":3120}