{"stats":{"minecraft:killed_by":{"sackman:sackman":3,"minecraft:creeper":1,"minecraft:enderman":4,"minecraft:drowned":1,"sanitydim:rotting_stalker":4,"mimicer:mimicer":8,"thehorrid:horrid_hunter":3,"man:managgresive":3,"sanitydim:sneaking_terror":4,"minecraft:skeleton":3,"minecraft:zombie":2,"cave_dweller:cave_dweller":1,"assimilator:assimilator":8},"minecraft:picked_up":{"minecraft:crafting_table":28,"minecraft:cocoa_beans":10,"minecraft:iron_chestplate":4,"minecraft:wheat":904,"minecraft:chicken":1,"minecraft:wooden_pickaxe":3,"minecraft:oak_stairs":4,"minecraft:shield":18,"minecraft:string":24,"minecraft:raw_copper":1053,"minecraft:wooden_sword":2,"tacz:ammo":3145,"minecraft:cobbled_deepslate":53,"minecraft:spruce_planks":1,"minecraft:acacia_sign":4,"minecraft:beef":81,"minecraft:oak_boat":20,"minecraft:poppy":1,"minecraft:iron_pickaxe":5,"minecraft:melon_slice":15,"minecraft:sugar_cane":14,"minecraft:furnace":1,"minecraft:egg":36,"minecraft:golden_helmet":1,"minecraft:raw_iron":122,"minecraft:stick":55,"minecraft:sandstone":16,"sophisticatedbackpacks:crafting_upgrade":1,"minecraft:oak_fence":8,"minecraft:torch":707,"minecraft:acacia_log":81,"minecraft:spruce_stairs":5,"sophisticatedbackpacks:backpack":11,"minecraft:porkchop":7,"tombstone:grave_dust":2,"minecraft:diorite":411,"minecraft:redstone":18,"minecraft:dark_oak_planks":3,"minecraft:orange_bed":23,"minecraft:stone_sword":22,"minecraft:arrow":122,"minecraft:stone_shovel":23,"minecraft:rotten_flesh":69,"minecraft:hay_block":44,"minecraft:mutton":21,"minecraft:white_wool":6,"minecraft:cobblestone":4487,"minecraft:leather_chestplate":1,"minecraft:lilac":3,"minecraft:clock":11,"minecraft:feather":2,"minecraft:cooked_beef":141,"minecraft:andesite":35,"minecraft:salmon":3,"minecraft:leather":35,"minecraft:brown_wool":2,"minecraft:flint":7,"minecraft:oak_log":526,"minecraft:lily_pad":6,"minecraft:golden_boots":1,"minecraft:gunpowder":100,"minecraft:cobblestone_stairs":1,"minecraft:lapis_lazuli":217,"minecraft:dirt":1161,"minecraft:cooked_mutton":51,"minecraft:leather_boots":8,"minecraft:bone":56,"minecraft:acacia_planks":52,"minecraft:apple":10,"minecraft:bow":16,"minecraft:wheat_seeds":2501,"minecraft:raw_gold":4,"minecraft:oak_fence_gate":3,"minecraft:stone_pickaxe":32,"minecraft:cooked_chicken":4,"minecraft:bamboo":9,"tacz:gun_smith_table":2,"minecraft:iron_sword":9,"minecraft:oak_planks":67,"minecraft:acacia_sapling":1,"minecraft:dark_oak_stairs":1,"minecraft:oak_slab":62,"minecraft:gravel":158,"minecraft:sand":6,"sophisticatedbackpacks:iron_backpack":29,"minecraft:ink_sac":3,"minecraft:white_bed":32,"minecraft:spider_eye":7,"minecraft:leather_helmet":4,"minecraft:stone_axe":26,"tacz:modern_kinetic_gun":18,"minecraft:granite":42,"minecraft:bread":286,"minecraft:black_wool":2,"minecraft:oak_sapling":48,"minecraft:brown_banner":1,"minecraft:melon_seeds":2,"minecraft:coal":790},"minecraft:killed":{"thehorrid:fakeleech":1,"minecraft:spider":11,"minecraft:skeleton":27,"minecraft:chicken":1,"minecraft:drowned":2,"thehorrid:fleshleech":5,"minecraft:pig":3,"minecraft:salmon":1,"minecraft:squid":1,"minecraft:creeper":40,"minecraft:sheep":8,"sackman:sackman":3,"minecraft:pillager":1,"minecraft:zombie":19,"minecraft:cow":32},"minecraft:crafted":{"minecraft:black_dye":1,"minecraft:wooden_sword":3,"minecraft:oak_planks":220,"minecraft:stone_shovel":3,"minecraft:leather_boots":1,"minecraft:furnace":17,"minecraft:stone":64,"minecraft:cooked_mutton":10,"minecraft:stone_pickaxe":25,"minecraft:chest":18,"minecraft:copper_block":15,"sophisticatedbackpacks:iron_backpack":1,"minecraft:wheat":72,"minecraft:cooked_beef":67,"minecraft:crafting_table":10,"minecraft:wooden_pickaxe":1,"minecraft:iron_sword":2,"minecraft:copper_ingot":587,"minecraft:leather_helmet":1,"minecraft:bucket":1,"minecraft:stone_axe":11,"minecraft:bread":314,"minecraft:air":0,"minecraft:oak_boat":4,"minecraft:iron_chestplate":2,"minecraft:wooden_hoe":8,"minecraft:charcoal":26,"minecraft:acacia_sign":3,"minecraft:shield":3,"minecraft:stick":136,"minecraft:gunpowder":7,"minecraft:iron_ingot":88,"minecraft:iron_pickaxe":2,"minecraft:stone_sword":2,"minecraft:white_bed":2,"minecraft:acacia_planks":160,"minecraft:torch":156},"minecraft:used":{"minecraft:stone_sword":173,"sophisticatedbackpacks:iron_backpack":7,"minecraft:stone_shovel":313,"tacz:gun_smith_table":2,"minecraft:chest":17,"minecraft:shield":67,"minecraft:iron_sword":112,"minecraft:cooked_chicken":4,"minecraft:rotten_flesh":2,"minecraft:orange_bed":23,"minecraft:torch":148,"minecraft:dirt":382,"minecraft:granite":1,"minecraft:oak_fence_gate":3,"minecraft:bow":42,"minecraft:oak_sapling":1,"minecraft:furnace":18,"minecraft:egg":10,"minecraft:cooked_beef":65,"minecraft:cobbled_deepslate":11,"minecraft:cooked_mutton":10,"minecraft:water_bucket":12,"minecraft:wheat_seeds":1067,"minecraft:stone_pickaxe":4067,"minecraft:oak_planks":12,"minecraft:wooden_pickaxe":6,"minecraft:sandstone":1,"minecraft:crafting_table":23,"minecraft:white_bed":31,"minecraft:wooden_hoe":259,"sophisticatedbackpacks:backpack":3,"minecraft:apple":3,"minecraft:acacia_sign":4,"minecraft:iron_pickaxe":502,"minecraft:bread":83,"minecraft:melon_slice":9,"minecraft:stone_button":1,"minecraft:stone_axe":527,"minecraft:cobblestone":143,"minecraft:wooden_sword":27,"minecraft:cooked_porkchop":4,"minecraft:andesite":6,"minecraft:bucket":12,"minecraft:oak_boat":17},"minecraft:broken":{"minecraft:leather_helmet":1,"minecraft:golden_helmet":1,"minecraft:golden_boots":1,"minecraft:stone_pickaxe":29,"minecraft:leather_boots":1,"minecraft:stone_axe":3,"minecraft:iron_pickaxe":2,"minecraft:wooden_hoe":4,"minecraft:stone_shovel":2},"minecraft:mined":{"minecraft:white_bed":12,"minecraft:glow_lichen":1,"minecraft:granite":31,"minecraft:acacia_log":32,"minecraft:grass_block":176,"sophisticatedbackpacks:iron_backpack":7,"tacz:gun_smith_table":1,"minecraft:hay_block":44,"minecraft:tall_seagrass":2,"minecraft:redstone_ore":2,"minecraft:furnace":2,"minecraft:iron_ore":80,"minecraft:fire":4,"minecraft:cobbled_deepslate":4,"minecraft:andesite":27,"minecraft:deepslate_lapis_ore":13,"minecraft:dirt_path":1,"minecraft:deepslate_iron_ore":10,"minecraft:bamboo":1,"minecraft:stone":3152,"sophisticatedbackpacks:backpack":2,"minecraft:orange_bed":8,"minecraft:deepslate_redstone_ore":2,"minecraft:acacia_leaves":2,"minecraft:oak_fence":4,"minecraft:crafting_table":14,"minecraft:torch":19,"minecraft:poppy":1,"minecraft:melon":2,"minecraft:copper_ore":249,"minecraft:tall_grass":9,"minecraft:cobblestone":45,"minecraft:deepslate_gold_ore":4,"minecraft:lapis_ore":9,"minecraft:oak_planks":6,"minecraft:sugar_cane":3,"minecraft:wall_torch":9,"minecraft:diorite":382,"minecraft:deepslate_copper_ore":5,"minecraft:wheat":875,"minecraft:lilac":1,"minecraft:brown_wall_banner":1,"minecraft:mangrove_leaves":3,"minecraft:grass":264,"minecraft:coal_ore":506,"minecraft:oak_log":313,"minecraft:cocoa":4,"minecraft:oak_fence_gate":3,"minecraft:gravel":69,"minecraft:dirt":128,"minecraft:sand":2,"minecraft:cobweb":4,"minecraft:oak_leaves":55,"minecraft:deepslate":39},"minecraft:custom":{"minecraft:mob_kills":168,"minecraft:interact_with_crafting_table":119,"minecraft:leave_game":20,"minecraft:time_since_death":50248,"minecraft:climb_one_cm":3413,"minecraft:sprint_one_cm":2368970,"minecraft:walk_one_cm":3843165,"minecraft:damage_blocked_by_shield":2590,"minecraft:drop":150,"minecraft:talked_to_villager":3,"minecraft:play_time":1036964,"minecraft:sneak_time":35911,"minecraft:deaths":49,"minecraft:walk_under_water_one_cm":24382,"minecraft:boat_one_cm":665325,"minecraft:jump":16909,"minecraft:walk_on_water_one_cm":82670,"minecraft:total_world_time":1036964,"minecraft:interact_with_furnace":216,"minecraft:traded_with_villager":7,"minecraft:sleep_in_bed":106,"minecraft:time_since_rest":4261,"minecraft:damage_taken":20856,"minecraft:damage_dealt":15504,"minecraft:swim_one_cm":94937,"minecraft:fly_one_cm":2821583,"minecraft:open_chest":449,"minecraft:crouch_one_cm":66107,"tombstone:undead_killed":3,"minecraft:fall_one_cm":401605},"minecraft:dropped":{"sophisticatedbackpacks:iron_backpack":1,"minecraft:bread":38,"minecraft:iron_ingot":15,"minecraft:iron_sword":2,"minecraft:wheat_seeds":1038,"minecraft:cooked_beef":11,"minecraft:oak_log":264,"minecraft:copper_block":15,"minecraft:cobblestone":2943,"minecraft:leather":3,"minecraft:dirt":2,"minecraft:diorite":375,"minecraft:torch":20,"tombstone:grave_dust":2,"minecraft:oak_stairs":4,"tacz:modern_kinetic_gun":2,"minecraft:string":8,"minecraft:bone":5,"minecraft:gravel":9,"minecraft:sugar_cane":8,"minecraft:stone_sword":3,"minecraft:cobbled_deepslate":1,"minecraft:cocoa_beans":10,"minecraft:rotten_flesh":18,"minecraft:oak_planks":1,"sophisticatedbackpacks:backpack":3,"minecraft:cooked_mutton":7,"minecraft:white_bed":1,"minecraft:poppy":1,"minecraft:shield":2,"minecraft:gunpowder":2,"minecraft:iron_chestplate":3,"minecraft:andesite":6,"minecraft:oak_sapling":1,"minecraft:spider_eye":1,"tacz:ammo":120,"minecraft:bow":2,"minecraft:arrow":6,"minecraft:wooden_pickaxe":1,"minecraft:stone_pickaxe":2}},"DataVersion":3120}