{"stats":{"minecraft:custom":{"minecraft:interact_with_furnace":23,"minecraft:mob_kills":11,"minecraft:interact_with_crafting_table":21,"minecraft:leave_game":1,"minecraft:time_since_death":59844,"minecraft:sleep_in_bed":3,"minecraft:time_since_rest":8420,"minecraft:sprint_one_cm":94286,"minecraft:damage_taken":210,"minecraft:walk_one_cm":260797,"minecraft:drop":4,"minecraft:damage_dealt":1338,"minecraft:swim_one_cm":15088,"minecraft:fly_one_cm":178502,"minecraft:open_chest":5,"minecraft:crouch_one_cm":13295,"minecraft:play_time":59844,"minecraft:sneak_time":4727,"minecraft:walk_under_water_one_cm":4121,"minecraft:boat_one_cm":29804,"minecraft:jump":904,"minecraft:walk_on_water_one_cm":21544,"minecraft:total_world_time":59844,"minecraft:fall_one_cm":17575},"minecraft:picked_up":{"minecraft:crafting_table":2,"minecraft:lilac":1,"minecraft:wooden_pickaxe":1,"minecraft:oak_log":52,"minecraft:gunpowder":1,"minecraft:dirt":15,"minecraft:raw_copper":121,"minecraft:bone":2,"minecraft:apple":3,"minecraft:wheat_seeds":1,"minecraft:spruce_planks":1,"minecraft:beef":3,"minecraft:stone_pickaxe":1,"minecraft:cooked_chicken":4,"minecraft:oak_boat":1,"minecraft:dark_oak_stairs":1,"minecraft:egg":5,"minecraft:stick":12,"minecraft:raw_iron":2,"minecraft:sandstone":8,"minecraft:torch":5,"minecraft:spruce_stairs":5,"minecraft:gravel":1,"minecraft:porkchop":7,"minecraft:sand":2,"minecraft:diorite":2,"minecraft:dark_oak_planks":1,"minecraft:stone_sword":1,"minecraft:arrow":3,"minecraft:oak_sapling":8,"minecraft:mutton":5,"minecraft:coal":101,"minecraft:white_wool":3,"minecraft:cobblestone":67},"minecraft:crafted":{"minecraft:wooden_sword":1,"minecraft:oak_planks":64,"minecraft:crafting_table":3,"minecraft:wooden_pickaxe":1,"minecraft:furnace":3,"minecraft:stone_axe":1,"minecraft:cooked_mutton":2,"minecraft:air":0,"minecraft:oak_boat":1,"minecraft:charcoal":26,"minecraft:stick":12,"minecraft:iron_ingot":2,"minecraft:stone_pickaxe":3,"minecraft:stone_sword":1,"minecraft:chest":1,"minecraft:white_bed":1,"minecraft:torch":12},"minecraft:killed":{"minecraft:pig":3,"minecraft:creeper":1,"minecraft:skeleton":1,"minecraft:sheep":3,"minecraft:zombie":1,"minecraft:cow":2},"minecraft:mined":{"minecraft:crafting_table":2,"minecraft:torch":4,"minecraft:grass_block":1,"minecraft:copper_ore":37,"minecraft:cobblestone":6,"minecraft:diorite":2,"minecraft:wall_torch":1,"minecraft:iron_ore":2,"minecraft:lilac":1,"minecraft:grass":4,"minecraft:oak_log":52,"minecraft:coal_ore":101,"minecraft:sand":2,"minecraft:gravel":2,"minecraft:stone":62,"minecraft:oak_leaves":10},"minecraft:used":{"minecraft:cooked_mutton":2,"minecraft:stone_sword":26,"minecraft:stone_pickaxe":207,"minecraft:chest":1,"minecraft:wooden_pickaxe":6,"minecraft:cooked_chicken":3,"minecraft:torch":8,"minecraft:crafting_table":4,"minecraft:white_bed":1,"minecraft:apple":3,"minecraft:stone_axe":45,"minecraft:cobblestone":20,"minecraft:furnace":3,"minecraft:oak_boat":1,"minecraft:egg":2},"minecraft:dropped":{"minecraft:stone_sword":1,"minecraft:cobblestone":1,"minecraft:stone_pickaxe":1,"minecraft:wooden_pickaxe":1}},"DataVersion":3120}