{"stats":{"minecraft:broken":{"minecraft:golden_helmet":1,"minecraft:golden_boots":1,"minecraft:stone_pickaxe":33,"minecraft:stone_axe":6,"minecraft:stone_shovel":2,"minecraft:leather_helmet":2,"minecraft:shield":1,"minecraft:leather_boots":2,"minecraft:iron_pickaxe":4,"minecraft:wooden_hoe":4},"minecraft:picked_up":{"minecraft:iron_chestplate":4,"minecraft:wheat":1242,"minecraft:oak_stairs":4,"minecraft:string":30,"minecraft:raw_copper":1579,"minecraft:cobbled_deepslate":172,"minecraft:spruce_planks":1,"minecraft:acacia_sign":4,"minecraft:redstone_torch":3,"minecraft:iron_pickaxe":5,"minecraft:melon_slice":15,"minecraft:crimson_sign":1,"minecraft:furnace":5,"minecraft:golden_helmet":1,"minecraft:stick":66,"minecraft:oak_fence":8,"minecraft:torch":723,"minecraft:acacia_log":81,"minecraft:spruce_stairs":5,"minecraft:porkchop":7,"minecraft:pointed_dripstone":15,"tombstone:grave_dust":8,"minecraft:diorite":420,"minecraft:orange_bed":24,"minecraft:stone_sword":22,"minecraft:rotten_flesh":82,"minecraft:cobblestone":5045,"minecraft:leather_chestplate":2,"minecraft:cooked_beef":141,"minecraft:feather":2,"minecraft:lilac":3,"minecraft:andesite":42,"minecraft:brown_wool":2,"minecraft:potato":1,"minecraft:flint":8,"minecraft:tuff":24,"minecraft:lapis_lazuli":441,"minecraft:dirt":1216,"minecraft:leather_boots":9,"minecraft:bone":95,"minecraft:acacia_planks":52,"minecraft:bow":19,"minecraft:wheat_seeds":3455,"minecraft:raw_gold":25,"minecraft:bamboo":9,"tacz:gun_smith_table":2,"minecraft:oak_planks":67,"minecraft:sand":6,"sophisticatedbackpacks:iron_backpack":32,"minecraft:ink_sac":3,"minecraft:diamond":5,"minecraft:granite":50,"minecraft:bread":286,"minecraft:oak_sapling":60,"minecraft:netherrack":2,"minecraft:cocoa_beans":10,"minecraft:crafting_table":29,"minecraft:chicken":1,"minecraft:wooden_pickaxe":3,"minecraft:gold_block":2,"minecraft:shield":18,"minecraft:wooden_sword":2,"minecraft:item_frame":1,"tacz:ammo":4330,"minecraft:beef":99,"minecraft:oak_boat":20,"minecraft:iron_nugget":8,"minecraft:poppy":1,"minecraft:sugar_cane":14,"minecraft:chest":9,"minecraft:egg":38,"minecraft:raw_iron":268,"minecraft:sandstone":16,"minecraft:copper_ingot":128,"sophisticatedbackpacks:crafting_upgrade":1,"sophisticatedbackpacks:backpack":11,"minecraft:redstone":177,"minecraft:dark_oak_planks":3,"minecraft:arrow":134,"minecraft:stone_shovel":24,"minecraft:hay_block":126,"minecraft:mutton":21,"minecraft:white_wool":6,"minecraft:clock":12,"minecraft:salmon":3,"minecraft:leather":47,"minecraft:oak_log":830,"minecraft:lily_pad":6,"minecraft:golden_boots":1,"minecraft:gunpowder":149,"minecraft:cobblestone_stairs":1,"minecraft:cooked_mutton":51,"minecraft:apple":11,"minecraft:oak_fence_gate":5,"minecraft:iron_ingot":23,"minecraft:stone_pickaxe":32,"minecraft:cooked_chicken":4,"minecraft:acacia_sapling":1,"minecraft:iron_sword":11,"minecraft:dark_oak_stairs":1,"minecraft:oak_slab":76,"minecraft:smooth_basalt":1,"minecraft:dripstone_block":3,"minecraft:gravel":159,"minecraft:white_bed":35,"minecraft:spider_eye":13,"minecraft:leather_helmet":5,"tacz:modern_kinetic_gun":19,"minecraft:stone_axe":26,"minecraft:black_wool":2,"tombstone:magic_scroll":1,"minecraft:brown_banner":1,"minecraft:melon_seeds":2,"minecraft:coal":981,"minecraft:ender_pearl":1},"minecraft:dropped":{"sophisticatedbackpacks:iron_backpack":1,"minecraft:iron_sword":4,"minecraft:cooked_beef":11,"minecraft:oak_log":264,"minecraft:crafting_table":1,"minecraft:leather":3,"minecraft:dirt":3,"minecraft:bone":5,"minecraft:gravel":9,"minecraft:sugar_cane":8,"minecraft:cobbled_deepslate":1,"minecraft:rotten_flesh":18,"minecraft:oak_planks":1,"minecraft:cooked_mutton":7,"minecraft:white_bed":1,"minecraft:poppy":1,"minecraft:gunpowder":2,"minecraft:arrow":6,"minecraft:iron_ingot":15,"minecraft:bread":38,"minecraft:wheat_seeds":1371,"minecraft:copper_block":15,"minecraft:cobblestone":2944,"minecraft:golden_apple":1,"minecraft:diorite":375,"minecraft:torch":21,"tombstone:grave_dust":3,"minecraft:oak_stairs":4,"tacz:modern_kinetic_gun":2,"minecraft:string":8,"minecraft:stone_sword":3,"minecraft:cocoa_beans":10,"minecraft:stone_shovel":1,"sophisticatedbackpacks:backpack":3,"minecraft:shield":2,"minecraft:iron_chestplate":3,"minecraft:andesite":6,"minecraft:oak_sapling":1,"minecraft:spider_eye":1,"tacz:ammo":146,"minecraft:bow":2,"minecraft:stone_pickaxe":2,"minecraft:wooden_pickaxe":1},"minecraft:killed_by":{"sackman:sackman":4,"minecraft:creeper":1,"minecraft:drowned":1,"sanitydim:rotting_stalker":4,"mimicer:mimicer":17,"man:managgresive":4,"sanitydim:sneaking_terror":4,"minecraft:zombie":2,"minecraft:player":1,"minecraft:enderman":4,"thehorrid:horrid_hunter":3,"apollyon:the_damned":2,"minecraft:skeleton":3,"assimilator:assimilator":13,"cave_dweller:cave_dweller":3},"minecraft:custom":{"minecraft:interact_with_crafting_table":125,"minecraft:leave_game":26,"minecraft:time_since_death":16875,"minecraft:sprint_one_cm":2977456,"minecraft:damage_blocked_by_shield":4480,"minecraft:drop":166,"minecraft:talked_to_villager":5,"minecraft:play_time":1373860,"minecraft:deaths":70,"minecraft:jump":20732,"minecraft:walk_on_water_one_cm":106038,"minecraft:interact_with_furnace":304,"minecraft:traded_with_villager":7,"minecraft:sleep_in_bed":127,"minecraft:damage_dealt":19841,"minecraft:crouch_one_cm":103756,"tombstone:undead_killed":38,"minecraft:mob_kills":238,"minecraft:climb_one_cm":3413,"minecraft:walk_one_cm":4861687,"minecraft:sneak_time":61228,"minecraft:walk_under_water_one_cm":36601,"minecraft:boat_one_cm":665325,"minecraft:total_world_time":1373860,"minecraft:time_since_rest":4004,"minecraft:damage_taken":28811,"minecraft:swim_one_cm":113010,"minecraft:fly_one_cm":3430156,"minecraft:open_chest":639,"minecraft:fall_one_cm":497448},"minecraft:crafted":{"minecraft:black_dye":1,"minecraft:oak_planks":228,"minecraft:stone":64,"minecraft:cooked_mutton":10,"minecraft:bow":1,"minecraft:chest":19,"minecraft:copper_block":15,"minecraft:crafting_table":10,"minecraft:wooden_pickaxe":1,"minecraft:copper_ingot":699,"minecraft:wooden_hoe":8,"minecraft:iron_chestplate":3,"minecraft:charcoal":26,"minecraft:shield":3,"minecraft:stick":160,"minecraft:iron_ingot":157,"minecraft:iron_pickaxe":3,"minecraft:stone_sword":2,"minecraft:gold_ingot":35,"minecraft:wooden_sword":3,"minecraft:stone_shovel":3,"minecraft:leather_boots":1,"minecraft:furnace":19,"minecraft:stone_pickaxe":26,"minecraft:wheat":810,"sophisticatedbackpacks:iron_backpack":1,"minecraft:cooked_beef":67,"minecraft:iron_sword":2,"minecraft:leather_helmet":1,"minecraft:bucket":1,"minecraft:stone_axe":11,"minecraft:bread":356,"minecraft:air":0,"minecraft:oak_boat":4,"minecraft:acacia_sign":3,"minecraft:gunpowder":7,"minecraft:white_bed":2,"minecraft:acacia_planks":160,"minecraft:torch":156},"minecraft:mined":{"minecraft:white_bed":14,"minecraft:granite":39,"minecraft:acacia_log":32,"minecraft:grass_block":182,"sophisticatedbackpacks:iron_backpack":10,"tacz:gun_smith_table":1,"minecraft:tall_seagrass":2,"minecraft:iron_ore":116,"minecraft:cobbled_deepslate":22,"minecraft:fire":4,"minecraft:deepslate_lapis_ore":17,"minecraft:pointed_dripstone":5,"minecraft:dirt_path":1,"minecraft:orange_bed":8,"minecraft:deepslate_redstone_ore":29,"minecraft:torch":25,"minecraft:poppy":1,"minecraft:melon":2,"minecraft:chest":9,"minecraft:cobblestone":70,"minecraft:sugar_cane":3,"minecraft:oak_planks":6,"minecraft:wall_torch":13,"minecraft:deepslate_copper_ore":49,"minecraft:wheat":1223,"minecraft:lilac":1,"minecraft:brown_wall_banner":1,"minecraft:grass":280,"minecraft:oak_log":601,"minecraft:oak_fence_gate":5,"minecraft:sand":2,"minecraft:dirt":188,"minecraft:netherrack":2,"minecraft:oak_leaves":111,"minecraft:deepslate":143,"minecraft:tuff":24,"minecraft:deepslate_diamond_ore":5,"minecraft:glow_lichen":1,"minecraft:hay_block":127,"minecraft:redstone_ore":10,"minecraft:furnace":6,"minecraft:andesite":34,"minecraft:gold_block":2,"minecraft:deepslate_iron_ore":121,"minecraft:bamboo":1,"minecraft:stone":3682,"sophisticatedbackpacks:backpack":2,"minecraft:oak_slab":12,"minecraft:acacia_leaves":2,"minecraft:oak_fence":4,"minecraft:crafting_table":15,"minecraft:tall_grass":9,"minecraft:copper_ore":301,"minecraft:deepslate_coal_ore":2,"minecraft:lapis_ore":15,"minecraft:deepslate_gold_ore":22,"minecraft:diorite":391,"minecraft:mangrove_leaves":3,"minecraft:coal_ore":599,"minecraft:cocoa":4,"minecraft:gravel":70,"minecraft:dripstone_block":3,"minecraft:cobweb":4,"minecraft:gold_ore":4},"minecraft:used":{"minecraft:chest":31,"minecraft:shield":100,"minecraft:stone":6,"minecraft:iron_sword":233,"minecraft:rotten_flesh":2,"minecraft:tuff":12,"minecraft:bow":51,"minecraft:furnace":22,"minecraft:oak_sapling":1,"minecraft:egg":11,"minecraft:diorite":9,"minecraft:stone_pickaxe":4683,"minecraft:oak_planks":12,"minecraft:wooden_pickaxe":6,"minecraft:sandstone":1,"minecraft:dripstone_block":3,"minecraft:redstone_torch":1,"sophisticatedbackpacks:backpack":3,"minecraft:bread":150,"minecraft:melon_slice":9,"minecraft:stone_button":1,"minecraft:wooden_sword":27,"minecraft:andesite":6,"minecraft:oak_boat":17,"sophisticatedbackpacks:iron_backpack":10,"minecraft:stone_sword":173,"minecraft:stone_shovel":371,"tacz:gun_smith_table":2,"minecraft:cooked_chicken":4,"minecraft:orange_bed":24,"minecraft:torch":314,"minecraft:dirt":563,"minecraft:granite":1,"minecraft:oak_fence_gate":3,"minecraft:iron_boots":1,"minecraft:smooth_basalt":1,"tombstone:gift":4,"minecraft:cooked_beef":65,"minecraft:cobbled_deepslate":123,"minecraft:iron_leggings":1,"minecraft:wheat_seeds":1413,"minecraft:cooked_mutton":10,"minecraft:water_bucket":12,"minecraft:crafting_table":23,"minecraft:white_bed":33,"minecraft:oak_log":1,"minecraft:wooden_hoe":259,"minecraft:apple":3,"minecraft:acacia_sign":4,"minecraft:iron_pickaxe":1039,"minecraft:stone_axe":970,"minecraft:cobblestone":201,"minecraft:cooked_porkchop":4,"minecraft:bucket":12},"minecraft:killed":{"thehorrid:fakeleech":1,"minecraft:spider":19,"minecraft:skeleton":44,"minecraft:chicken":1,"minecraft:pig":3,"minecraft:salmon":1,"minecraft:creeper":55,"minecraft:sheep":8,"minecraft:pillager":1,"minecraft:zombie":37,"minecraft:cow":42,"mimicer:mimicer":1,"minecraft:drowned":2,"thehorrid:fleshleech":5,"minecraft:squid":1,"sackman:sackman":3}},"DataVersion":3120}