{"stats":{"minecraft:custom":{"minecraft:interact_with_furnace":14,"minecraft:mob_kills":11,"minecraft:interact_with_crafting_table":17,"minecraft:leave_game":1,"minecraft:time_since_death":47844,"minecraft:sleep_in_bed":2,"minecraft:time_since_rest":9503,"minecraft:sprint_one_cm":52768,"minecraft:damage_taken":200,"minecraft:walk_one_cm":232373,"minecraft:drop":4,"minecraft:damage_dealt":1338,"minecraft:swim_one_cm":12419,"minecraft:fly_one_cm":109408,"minecraft:open_chest":4,"minecraft:crouch_one_cm":13108,"minecraft:play_time":47844,"minecraft:sneak_time":4665,"minecraft:walk_under_water_one_cm":3825,"minecraft:jump":642,"minecraft:walk_on_water_one_cm":20613,"minecraft:total_world_time":47844,"minecraft:fall_one_cm":11172},"minecraft:picked_up":{"minecraft:crafting_table":1,"minecraft:lilac":1,"minecraft:wooden_pickaxe":1,"minecraft:oak_log":52,"minecraft:gunpowder":1,"minecraft:dirt":15,"minecraft:raw_copper":86,"minecraft:bone":2,"minecraft:apple":3,"minecraft:wheat_seeds":1,"minecraft:spruce_planks":1,"minecraft:beef":3,"minecraft:stone_pickaxe":1,"minecraft:cooked_chicken":4,"minecraft:dark_oak_stairs":1,"minecraft:egg":4,"minecraft:stick":12,"minecraft:raw_iron":2,"minecraft:sandstone":8,"minecraft:torch":3,"minecraft:spruce_stairs":5,"minecraft:gravel":1,"minecraft:porkchop":7,"minecraft:sand":2,"minecraft:dark_oak_planks":1,"minecraft:stone_sword":1,"minecraft:arrow":3,"minecraft:oak_sapling":8,"minecraft:mutton":5,"minecraft:coal":20,"minecraft:white_wool":3,"minecraft:cobblestone":52},"minecraft:crafted":{"minecraft:wooden_sword":1,"minecraft:oak_planks":48,"minecraft:crafting_table":2,"minecraft:wooden_pickaxe":1,"minecraft:furnace":1,"minecraft:stone_axe":1,"minecraft:cooked_mutton":2,"minecraft:air":0,"minecraft:charcoal":26,"minecraft:stick":12,"minecraft:iron_ingot":2,"minecraft:stone_pickaxe":1,"minecraft:stone_sword":1,"minecraft:chest":1,"minecraft:white_bed":1,"minecraft:torch":12},"minecraft:killed":{"minecraft:pig":3,"minecraft:creeper":1,"minecraft:skeleton":1,"minecraft:sheep":3,"minecraft:zombie":1,"minecraft:cow":2},"minecraft:mined":{"minecraft:crafting_table":1,"minecraft:torch":3,"minecraft:grass_block":1,"minecraft:copper_ore":27,"minecraft:cobblestone":4,"minecraft:iron_ore":2,"minecraft:lilac":1,"minecraft:grass":4,"minecraft:oak_log":52,"minecraft:coal_ore":20,"minecraft:sand":2,"minecraft:gravel":2,"minecraft:stone":49,"minecraft:oak_leaves":10},"minecraft:used":{"minecraft:cooked_mutton":2,"minecraft:stone_sword":26,"minecraft:stone_pickaxe":97,"minecraft:chest":1,"minecraft:wooden_pickaxe":6,"minecraft:cooked_chicken":1,"minecraft:torch":6,"minecraft:crafting_table":3,"minecraft:white_bed":1,"minecraft:apple":2,"minecraft:stone_axe":44,"minecraft:cobblestone":16,"minecraft:furnace":1,"minecraft:egg":2},"minecraft:dropped":{"minecraft:stone_sword":1,"minecraft:cobblestone":1,"minecraft:stone_pickaxe":1,"minecraft:wooden_pickaxe":1}},"DataVersion":3120}