{"stats":{"minecraft:dropped":{"minecraft:iron_ingot":3,"minecraft:wheat_seeds":1,"minecraft:cobblestone":3,"minecraft:leather":3,"minecraft:torch":20,"minecraft:string":7,"minecraft:sugar_cane":8,"minecraft:stone_sword":2,"minecraft:cocoa_beans":10,"sophisticatedbackpacks:backpack":1,"minecraft:poppy":1,"minecraft:gunpowder":2,"minecraft:stone_pickaxe":2,"minecraft:wooden_pickaxe":1},"minecraft:custom":{"minecraft:mob_kills":50,"minecraft:interact_with_crafting_table":47,"minecraft:leave_game":11,"minecraft:time_since_death":12840,"minecraft:climb_one_cm":2789,"minecraft:sprint_one_cm":701491,"minecraft:walk_one_cm":1065276,"minecraft:damage_blocked_by_shield":480,"minecraft:drop":18,"minecraft:play_time":319680,"minecraft:deaths":11,"minecraft:sneak_time":20426,"minecraft:walk_under_water_one_cm":9328,"minecraft:boat_one_cm":663346,"minecraft:jump":5672,"minecraft:walk_on_water_one_cm":43408,"minecraft:total_world_time":319680,"minecraft:interact_with_furnace":79,"minecraft:sleep_in_bed":27,"minecraft:time_since_rest":12647,"minecraft:damage_taken":5305,"minecraft:damage_dealt":7044,"minecraft:swim_one_cm":27939,"minecraft:fly_one_cm":1035093,"minecraft:open_chest":104,"minecraft:crouch_one_cm":41415,"minecraft:fall_one_cm":137433},"minecraft:killed":{"minecraft:spider":6,"minecraft:skeleton":6,"minecraft:drowned":1,"thehorrid:fleshleech":1,"minecraft:pig":3,"minecraft:creeper":5,"minecraft:squid":1,"minecraft:sheep":3,"minecraft:zombie":3,"minecraft:cow":17},"minecraft:mined":{"minecraft:white_bed":3,"minecraft:granite":1,"minecraft:acacia_log":22,"minecraft:grass_block":58,"minecraft:hay_block":44,"minecraft:tall_seagrass":2,"minecraft:furnace":2,"minecraft:iron_ore":45,"minecraft:andesite":6,"minecraft:dirt_path":1,"minecraft:bamboo":1,"minecraft:stone":168,"sophisticatedbackpacks:backpack":1,"minecraft:orange_bed":2,"minecraft:acacia_leaves":2,"minecraft:crafting_table":6,"minecraft:torch":6,"minecraft:poppy":1,"minecraft:melon":2,"minecraft:tall_grass":1,"minecraft:copper_ore":110,"minecraft:cobblestone":12,"minecraft:lapis_ore":3,"minecraft:sugar_cane":3,"minecraft:oak_planks":6,"minecraft:diorite":5,"minecraft:wall_torch":3,"minecraft:lilac":1,"minecraft:brown_wall_banner":1,"minecraft:mangrove_leaves":3,"minecraft:grass":27,"minecraft:oak_log":52,"minecraft:coal_ore":301,"minecraft:cocoa":4,"minecraft:gravel":4,"minecraft:sand":2,"minecraft:dirt":14,"minecraft:oak_leaves":10,"minecraft:deepslate":1},"minecraft:used":{"minecraft:stone_sword":112,"minecraft:stone_shovel":49,"minecraft:chest":11,"minecraft:shield":12,"minecraft:cooked_chicken":4,"minecraft:orange_bed":3,"minecraft:torch":42,"minecraft:dirt":70,"minecraft:furnace":15,"minecraft:egg":2,"minecraft:cooked_beef":26,"minecraft:cooked_mutton":2,"minecraft:stone_pickaxe":647,"minecraft:oak_planks":10,"minecraft:wooden_pickaxe":6,"minecraft:sandstone":1,"minecraft:crafting_table":12,"minecraft:white_bed":2,"sophisticatedbackpacks:backpack":3,"minecraft:apple":3,"minecraft:bread":2,"minecraft:iron_pickaxe":6,"minecraft:stone_axe":181,"minecraft:wooden_sword":27,"minecraft:cobblestone":47,"minecraft:cooked_porkchop":4,"minecraft:oak_boat":15},"minecraft:killed_by":{"sackman:sackman":1,"minecraft:enderman":1,"minecraft:drowned":1,"sanitydim:rotting_stalker":1,"sanitydim:sneaking_terror":3,"minecraft:skeleton":2,"assimilator:assimilator":2},"minecraft:crafted":{"minecraft:wooden_sword":3,"minecraft:oak_planks":168,"minecraft:stone_shovel":1,"minecraft:furnace":15,"minecraft:cooked_mutton":2,"minecraft:stone_pickaxe":8,"minecraft:chest":17,"minecraft:cooked_beef":17,"minecraft:crafting_table":8,"minecraft:wooden_pickaxe":1,"minecraft:iron_sword":1,"minecraft:leather_helmet":1,"minecraft:stone_axe":2,"minecraft:air":0,"minecraft:oak_boat":4,"minecraft:charcoal":26,"minecraft:shield":1,"minecraft:stick":40,"minecraft:iron_ingot":44,"minecraft:iron_pickaxe":1,"minecraft:stone_sword":2,"minecraft:white_bed":1,"minecraft:acacia_planks":92,"minecraft:torch":56},"minecraft:broken":{"minecraft:stone_pickaxe":3,"minecraft:stone_axe":1},"minecraft:picked_up":{"minecraft:cocoa_beans":10,"minecraft:crafting_table":12,"minecraft:wheat":5,"minecraft:wooden_pickaxe":3,"minecraft:shield":1,"minecraft:string":10,"minecraft:raw_copper":432,"minecraft:wooden_sword":2,"minecraft:spruce_planks":1,"minecraft:beef":43,"minecraft:oak_boat":17,"minecraft:poppy":1,"minecraft:iron_pickaxe":1,"minecraft:melon_slice":11,"minecraft:sugar_cane":14,"minecraft:furnace":1,"minecraft:egg":20,"minecraft:stick":28,"minecraft:raw_iron":52,"minecraft:sandstone":16,"minecraft:torch":175,"minecraft:acacia_log":71,"minecraft:spruce_stairs":5,"sophisticatedbackpacks:backpack":7,"minecraft:porkchop":7,"minecraft:diorite":9,"minecraft:dark_oak_planks":3,"minecraft:orange_bed":3,"minecraft:rotten_flesh":6,"minecraft:stone_shovel":1,"minecraft:stone_sword":9,"minecraft:arrow":21,"minecraft:hay_block":44,"minecraft:mutton":5,"minecraft:white_wool":3,"minecraft:cobblestone":216,"minecraft:leather_chestplate":1,"minecraft:cooked_beef":46,"minecraft:lilac":3,"minecraft:andesite":6,"minecraft:leather":25,"minecraft:oak_log":96,"minecraft:lily_pad":6,"minecraft:gunpowder":15,"minecraft:lapis_lazuli":22,"minecraft:dirt":119,"minecraft:cooked_mutton":7,"minecraft:bone":11,"minecraft:acacia_planks":16,"minecraft:apple":3,"minecraft:bow":2,"minecraft:wheat_seeds":28,"minecraft:stone_pickaxe":15,"minecraft:cooked_chicken":4,"minecraft:bamboo":9,"minecraft:acacia_sapling":1,"minecraft:oak_planks":43,"minecraft:dark_oak_stairs":1,"minecraft:oak_slab":62,"minecraft:gravel":6,"minecraft:sand":6,"minecraft:ink_sac":3,"minecraft:white_bed":3,"minecraft:spider_eye":3,"minecraft:leather_helmet":2,"tacz:modern_kinetic_gun":1,"minecraft:stone_axe":8,"minecraft:granite":1,"minecraft:bread":48,"minecraft:oak_sapling":24,"minecraft:brown_banner":1,"minecraft:melon_seeds":1,"minecraft:coal":427}},"DataVersion":3120}