{"stats":{"minecraft:mined":{"minecraft:large_amethyst_bud":1,"minecraft:white_bed":30,"minecraft:granite":379,"minecraft:acacia_log":32,"minecraft:grass_block":681,"sophisticatedbackpacks:iron_backpack":10,"minecraft:coal_block":8,"minecraft:deepslate_bricks":1,"minecraft:polished_diorite":3,"tacz:gun_smith_table":4,"minecraft:tall_seagrass":2,"minecraft:glowstone":35,"minecraft:iron_ore":417,"minecraft:cobbled_deepslate":22,"minecraft:fire":26,"minecraft:deepslate_lapis_ore":38,"minecraft:pointed_dripstone":5,"minecraft:dirt_path":3,"minecraft:iron_bars":2,"minecraft:deepslate_brick_stairs":2,"minecraft:azalea":3,"minecraft:orange_bed":8,"minecraft:deepslate_redstone_ore":43,"minecraft:amethyst_cluster":2,"minecraft:torch":64,"minecraft:melon":2,"minecraft:poppy":1,"minecraft:calcite":5,"minecraft:chest":15,"minecraft:nether_quartz_ore":31,"minecraft:cobblestone":304,"minecraft:oak_planks":6,"minecraft:sugar_cane":52,"minecraft:wall_torch":23,"minecraft:amethyst_block":2,"minecraft:deepslate_copper_ore":49,"minecraft:wheat":1701,"minecraft:lilac":1,"minecraft:brown_wall_banner":1,"minecraft:stone_brick_stairs":5,"minecraft:grass":296,"minecraft:oak_log":608,"minecraft:oak_fence_gate":7,"minecraft:sand":4,"minecraft:dirt":471,"minecraft:netherrack":125,"minecraft:deepslate":187,"minecraft:oak_leaves":118,"minecraft:tuff":24,"minecraft:deepslate_diamond_ore":7,"minecraft:candle":8,"minecraft:oak_door":1,"minecraft:glow_lichen":1,"minecraft:nether_bricks":1,"minecraft:dark_oak_fence":4,"minecraft:moss_block":2,"minecraft:hay_block":139,"minecraft:deepslate_brick_slab":1,"cfm:oak_crate":2,"minecraft:redstone_ore":32,"minecraft:furnace":11,"minecraft:polished_basalt":265,"minecraft:andesite":65,"minecraft:gold_block":4,"minecraft:bell":1,"minecraft:nether_brick_fence":1,"minecraft:polished_deepslate":11,"minecraft:bookshelf":25,"minecraft:deepslate_iron_ore":204,"minecraft:packed_ice":10,"cfm:white_sofa":2,"minecraft:bamboo":1,"minecraft:stone":8127,"sophisticatedbackpacks:backpack":2,"minecraft:oak_slab":12,"minecraft:acacia_leaves":2,"minecraft:stone_brick_slab":13,"minecraft:oak_fence":6,"minecraft:crafting_table":15,"minecraft:emerald_ore":5,"handcrafted:oak_fancy_bed":4,"minecraft:lectern":1,"minecraft:copper_ore":350,"minecraft:tall_grass":12,"minecraft:deepslate_coal_ore":2,"minecraft:lapis_ore":36,"minecraft:deepslate_gold_ore":38,"minecraft:cracked_deepslate_bricks":1,"minecraft:sculk":6,"minecraft:diorite":514,"minecraft:gray_wool":62,"minecraft:coarse_dirt":6,"minecraft:redstone_torch":1,"minecraft:birch_leaves":2,"minecraft:mangrove_leaves":5,"minecraft:coal_ore":1092,"minecraft:cocoa":4,"minecraft:gravel":289,"minecraft:dripstone_block":3,"minecraft:cobweb":4,"minecraft:stone_bricks":23,"minecraft:gold_ore":4},"minecraft:killed_by":{"sackman:sackman":10,"minecraft:creeper":1,"minecraft:drowned":1,"sanitydim:rotting_stalker":5,"mimicer:mimicer":38,"man:managgresive":7,"sanitydim:sneaking_terror":4,"minecraft:zombie":4,"minecraft:player":3,"minecraft:enderman":5,"thehorrid:horrid_hunter":3,"apollyon:the_damned":7,"minecraft:skeleton":5,"cave_dweller:cave_dweller":5,"assimilator:assimilator":22},"minecraft:crafted":{"minecraft:black_dye":1,"minecraft:smooth_stone":19,"minecraft:oak_planks":316,"minecraft:barrel":1,"minecraft:stone":190,"securitycraft:keypad_item":1,"minecraft:heavy_weighted_pressure_plate":1,"minecraft:iron_bars":16,"minecraft:cooked_mutton":10,"securitycraft:laser_block":1,"minecraft:glass":64,"minecraft:bow":2,"minecraft:iron_boots":1,"minecraft:raw_copper":432,"minecraft:chest":36,"minecraft:iron_door":3,"minecraft:copper_block":15,"minecraft:chiseled_stone_bricks":8,"minecraft:stone_bricks":100,"securitycraft:keypad_door_item":1,"minecraft:dropper":1,"minecraft:map":3,"minecraft:crafting_table":10,"minecraft:spruce_planks":8,"minecraft:wooden_pickaxe":1,"minecraft:iron_helmet":2,"minecraft:copper_ingot":1440,"minecraft:dispenser":6,"minecraft:stone_brick_stairs":16,"minecraft:iron_chestplate":5,"minecraft:wooden_hoe":8,"minecraft:charcoal":26,"minecraft:shield":4,"minecraft:stick":280,"minecraft:iron_ingot":797,"securitycraft:security_camera":4,"minecraft:compass":3,"minecraft:iron_pickaxe":11,"minecraft:stone_sword":2,"securitycraft:camera_monitor":1,"minecraft:gold_ingot":74,"minecraft:shears":1,"securitycraft:universal_block_reinforcer_lvl1":1,"minecraft:wooden_sword":3,"minecraft:redstone":54,"minecraft:raw_iron":81,"minecraft:stone_shovel":3,"securitycraft:sentry":1,"minecraft:leather_boots":2,"minecraft:furnace":22,"minecraft:stone_button":9,"securitycraft:keypad_frame":1,"minecraft:iron_axe":1,"securitycraft:universal_block_remover":1,"minecraft:iron_hoe":1,"minecraft:stone_pickaxe":26,"sophisticatedbackpacks:iron_backpack":1,"minecraft:wheat":810,"minecraft:cooked_beef":67,"minecraft:diamond_sword":1,"minecraft:iron_sword":4,"minecraft:leather_helmet":1,"minecraft:bucket":1,"minecraft:stone_axe":11,"minecraft:bread":441,"minecraft:air":0,"minecraft:oak_boat":4,"securitycraft:door_indestructible_iron_item":1,"minecraft:acacia_sign":3,"minecraft:gunpowder":7,"minecraft:iron_shovel":2,"minecraft:iron_leggings":2,"minecraft:white_bed":2,"minecraft:acacia_planks":252,"minecraft:torch":164},"minecraft:custom":{"minecraft:interact_with_crafting_table":143,"minecraft:open_barrel":56,"minecraft:leave_game":34,"minecraft:time_since_death":16257,"minecraft:sprint_one_cm":5861441,"minecraft:damage_blocked_by_shield":7075,"minecraft:drop":235,"minecraft:talked_to_villager":7,"minecraft:play_time":2481008,"minecraft:deaths":126,"minecraft:jump":36605,"minecraft:walk_on_water_one_cm":165038,"minecraft:enchant_item":19,"minecraft:interact_with_furnace":649,"minecraft:traded_with_villager":7,"minecraft:interact_with_cartography_table":1,"minecraft:sleep_in_bed":258,"minecraft:damage_dealt":27408,"minecraft:player_kills":4,"minecraft:crouch_one_cm":312026,"tombstone:undead_killed":144,"minecraft:interact_with_smoker":5,"minecraft:interact_with_smithing_table":1,"minecraft:mob_kills":473,"minecraft:damage_dealt_resisted":409,"minecraft:climb_one_cm":50828,"minecraft:walk_one_cm":8333113,"minecraft:damage_dealt_absorbed":160,"minecraft:sneak_time":137146,"minecraft:walk_under_water_one_cm":58174,"minecraft:boat_one_cm":1086385,"minecraft:interact_with_lectern":2,"minecraft:interact_with_blast_furnace":38,"minecraft:total_world_time":2481008,"tombstone:raider_killed":13,"minecraft:time_since_rest":13858,"minecraft:damage_taken":52600,"minecraft:swim_one_cm":194988,"minecraft:fly_one_cm":6533359,"minecraft:open_chest":1158,"minecraft:fall_one_cm":885112},"minecraft:killed":{"thehorrid:fakeleech":5,"minecraft:spider":33,"minecraft:skeleton":82,"minecraft:chicken":2,"minecraft:pig":3,"minecraft:zombie_villager":1,"man:managgresive":1,"minecraft:salmon":1,"minecraft:iron_golem":1,"minecraft:creeper":104,"minecraft:sheep":8,"minecraft:pillager":14,"minecraft:zombie":91,"minecraft:blaze":13,"minecraft:cow":59,"mimicer:mimicer":7,"minecraft:drowned":2,"thehorrid:fleshleech":9,"minecraft:squid":1,"sackman:sackman":7,"minecraft:wither_skeleton":13},"minecraft:broken":{"minecraft:golden_helmet":1,"minecraft:iron_shovel":2,"minecraft:golden_boots":1,"minecraft:iron_boots":3,"minecraft:iron_chestplate":2,"minecraft:iron_leggings":2,"minecraft:stone_pickaxe":33,"minecraft:stone_axe":6,"minecraft:stone_shovel":2,"minecraft:leather_helmet":3,"minecraft:flint_and_steel":1,"minecraft:shield":2,"minecraft:leather_boots":2,"minecraft:iron_pickaxe":27,"minecraft:iron_helmet":4,"minecraft:wooden_hoe":8},"minecraft:dropped":{"sophisticatedbackpacks:iron_backpack":2,"minecraft:iron_sword":4,"minecraft:lapis_lazuli":60,"minecraft:cooked_beef":11,"minecraft:oak_log":264,"minecraft:crafting_table":1,"minecraft:leather":3,"minecraft:item_frame":1,"minecraft:dirt":44,"minecraft:dark_oak_fence":4,"cfm:oak_upgraded_fence":344,"minecraft:sand":1,"minecraft:iron_pickaxe":9,"minecraft:bone":5,"minecraft:gravel":11,"minecraft:sugar_cane":8,"minecraft:cobbled_deepslate":1,"minecraft:rotten_flesh":18,"minecraft:oak_planks":1,"minecraft:cooked_mutton":7,"minecraft:white_bed":1,"minecraft:poppy":1,"minecraft:gunpowder":2,"minecraft:beetroot_seeds":2,"minecraft:melon_seeds":3,"securitycraft:camera_monitor":2,"minecraft:arrow":6,"tacz:attachment":3,"minecraft:water_bucket":1,"minecraft:bread":59,"minecraft:iron_ingot":19,"minecraft:wheat_seeds":2070,"minecraft:golden_helmet":1,"minecraft:copper_block":15,"minecraft:diamond_leggings":1,"minecraft:cobblestone":2944,"minecraft:golden_apple":1,"minecraft:diorite":375,"minecraft:torch":26,"tombstone:grave_dust":3,"minecraft:oak_stairs":4,"tacz:modern_kinetic_gun":6,"minecraft:iron_shovel":1,"minecraft:string":10,"minecraft:stone_sword":3,"minecraft:cocoa_beans":12,"cozy_home:table_oak_single":1,"minecraft:stone_shovel":1,"sophisticatedbackpacks:backpack":3,"minecraft:pumpkin_seeds":2,"minecraft:deepslate_bricks":1,"minecraft:shield":2,"man:tearoftheman":1,"minecraft:iron_chestplate":3,"cozy_home:table_stump_oak_single":1,"minecraft:andesite":6,"minecraft:oak_boat":1,"minecraft:oak_sapling":1,"minecraft:spider_eye":1,"tacz:ammo":154,"minecraft:bow":2,"minecraft:wooden_pickaxe":1,"minecraft:stone_pickaxe":2},"minecraft:used":{"minecraft:iron_shovel":977,"minecraft:ladder":14,"minecraft:diamond_hoe":416,"minecraft:chest":54,"minecraft:shield":164,"minecraft:stone":6,"minecraft:iron_sword":422,"securitycraft:security_camera":4,"minecraft:rotten_flesh":2,"securitycraft:keypad_item":2,"minecraft:tuff":12,"securitycraft:camera_monitor":6,"minecraft:stone_brick_stairs":29,"minecraft:stone_bricks":78,"minecraft:item_frame":17,"minecraft:bow":72,"minecraft:oak_sapling":1,"minecraft:furnace":30,"minecraft:egg":14,"minecraft:potato":104,"minecraft:diorite":10,"minecraft:stone_pickaxe":4683,"minecraft:oak_planks":13,"minecraft:wooden_pickaxe":6,"securitycraft:keypad_frame":1,"minecraft:sandstone":1,"securitycraft:universal_block_remover":2,"minecraft:dripstone_block":3,"minecraft:shears":62,"minecraft:redstone_torch":2,"sophisticatedbackpacks:backpack":3,"minecraft:melon_slice":9,"minecraft:bread":405,"minecraft:stone_button":1,"tombstone:grave_key":4,"minecraft:gravel":1,"minecraft:diamond_sword":29,"minecraft:wooden_sword":27,"handcrafted:oak_fancy_bed":22,"minecraft:andesite":6,"minecraft:oak_boat":18,"minecraft:coarse_dirt":4,"minecraft:oak_fence":3,"sophisticatedbackpacks:iron_backpack":10,"minecraft:iron_bars":4,"minecraft:stone_sword":173,"minecraft:flint_and_steel":64,"minecraft:stone_shovel":371,"tacz:gun_smith_table":5,"securitycraft:keypad_door_item":1,"minecraft:cooked_chicken":4,"minecraft:oak_door":1,"minecraft:orange_bed":24,"minecraft:torch":756,"minecraft:dirt":1794,"minecraft:granite":1,"minecraft:oak_fence_gate":5,"minecraft:iron_hoe":194,"minecraft:stone_brick_slab":8,"cfm:oak_crate":2,"minecraft:iron_axe":72,"minecraft:iron_boots":1,"minecraft:barrel":6,"minecraft:smooth_basalt":1,"securitycraft:sentry":8,"tombstone:gift":6,"minecraft:cooked_beef":65,"minecraft:cobbled_deepslate":123,"minecraft:iron_leggings":1,"minecraft:calcite":2,"minecraft:wheat_seeds":1781,"minecraft:cooked_mutton":10,"minecraft:water_bucket":46,"minecraft:amethyst_block":2,"minecraft:cartography_table":1,"minecraft:crafting_table":23,"minecraft:red_bed":5,"minecraft:white_bed":55,"tombstone:bag_of_seeds":2,"minecraft:oak_log":29,"minecraft:wooden_hoe":472,"minecraft:apple":3,"minecraft:acacia_sign":4,"cfm:white_sofa":2,"minecraft:iron_pickaxe":7855,"minecraft:map":3,"minecraft:stone_axe":973,"minecraft:chiseled_stone_bricks":6,"minecraft:cobblestone":953,"minecraft:cooked_porkchop":4,"minecraft:bucket":47,"minecraft:yellow_bed":5,"minecraft:gray_wool":45},"minecraft:picked_up":{"minecraft:iron_chestplate":4,"minecraft:wheat":1715,"securitycraft:keypad_item":4,"minecraft:redstone_block":7,"minecraft:oak_stairs":30,"minecraft:stone_brick_stairs":5,"minecraft:amethyst_block":2,"minecraft:polished_deepslate":12,"minecraft:string":47,"minecraft:raw_copper":1753,"minecraft:oak_sign":21,"minecraft:diamond_leggings":2,"minecraft:gold_nugget":1,"minecraft:cobbled_deepslate":218,"minecraft:bucket":1,"minecraft:spruce_planks":1,"minecraft:acacia_sign":4,"cozy_home:table_stump_oak_single":1,"minecraft:redstone_torch":4,"minecraft:cobblestone_slab":192,"minecraft:calcite":7,"minecraft:azalea":4,"minecraft:iron_pickaxe":8,"minecraft:melon_slice":15,"minecraft:coal_block":8,"minecraft:crimson_sign":1,"minecraft:furnace":10,"securitycraft:reinforced_redstone_block":14,"minecraft:golden_helmet":3,"minecraft:stick":107,"minecraft:oak_fence":11,"minecraft:torch":817,"minecraft:acacia_log":81,"minecraft:spruce_stairs":5,"securitycraft:camera_monitor":2,"minecraft:porkchop":7,"tacz:attachment":13,"minecraft:pointed_dripstone":15,"tombstone:grave_dust":28,"minecraft:diorite":546,"minecraft:goat_horn":1,"minecraft:orange_bed":24,"minecraft:stone_sword":23,"minecraft:rotten_flesh":142,"minecraft:polished_basalt":244,"minecraft:blaze_rod":7,"minecraft:deepslate_brick_stairs":3,"minecraft:iron_bars":2,"minecraft:cobblestone":9770,"minecraft:cooked_beef":141,"minecraft:leather_chestplate":3,"minecraft:feather":4,"minecraft:lilac":3,"minecraft:water_bucket":1,"minecraft:andesite":72,"minecraft:brown_wool":2,"minecraft:potato":1,"minecraft:flint":19,"minecraft:tuff":24,"minecraft:lapis_lazuli":734,"minecraft:dirt":2010,"securitycraft:sentry":2,"cozy_home:table_oak_single":1,"minecraft:leather_boots":9,"minecraft:glass":40,"minecraft:bone":152,"minecraft:acacia_planks":52,"minecraft:bow":21,"minecraft:wheat_seeds":4770,"minecraft:deepslate_brick_slab":1,"minecraft:raw_gold":41,"minecraft:bell":1,"minecraft:glowstone_dust":101,"minecraft:bamboo":9,"tacz:gun_smith_table":5,"minecraft:moss_block":2,"minecraft:oak_planks":97,"minecraft:sand":8,"cfm:oak_upgraded_fence":344,"sophisticatedbackpacks:iron_backpack":32,"minecraft:ink_sac":3,"minecraft:bundle":3,"man:tearoftheman":2,"minecraft:diamond":7,"minecraft:writable_book":1,"minecraft:crossbow":2,"minecraft:granite":389,"minecraft:emerald":5,"minecraft:bread":307,"minecraft:oak_sapling":60,"minecraft:netherrack":123,"minecraft:dark_oak_fence":4,"minecraft:cocoa_beans":10,"minecraft:coarse_dirt":5,"sophisticatedbackpacks:gold_backpack":1,"minecraft:crafting_table":29,"minecraft:chicken":2,"minecraft:ladder":1,"minecraft:wooden_pickaxe":3,"securitycraft:reinforced_glass_pane":1,"minecraft:gold_block":4,"minecraft:shield":18,"minecraft:red_bed":5,"minecraft:wooden_sword":2,"tacz:ammo":9306,"minecraft:item_frame":6,"minecraft:glass_pane":29,"minecraft:cartography_table":1,"minecraft:candle":29,"minecraft:beef":133,"minecraft:oak_boat":22,"minecraft:iron_nugget":8,"minecraft:poppy":3,"minecraft:lectern":1,"minecraft:sugar_cane":124,"minecraft:chest":15,"minecraft:diamond_hoe":2,"minecraft:egg":42,"cfm:white_sofa":2,"minecraft:raw_iron":651,"minecraft:sandstone":16,"minecraft:stone":39,"minecraft:oak_door":1,"minecraft:copper_ingot":168,"sophisticatedbackpacks:crafting_upgrade":1,"sophisticatedbackpacks:backpack":11,"minecraft:carrot":1,"minecraft:redstone":345,"minecraft:dark_oak_planks":3,"minecraft:diamond_chestplate":1,"minecraft:arrow":164,"minecraft:stone_shovel":24,"minecraft:nether_bricks":1,"minecraft:shears":1,"minecraft:deepslate_bricks":1,"minecraft:hay_block":138,"minecraft:cracked_deepslate_bricks":1,"minecraft:gold_ingot":26,"minecraft:mutton":26,"minecraft:white_wool":9,"minecraft:clock":12,"cfm:oak_crate":2,"minecraft:salmon":3,"minecraft:leather":69,"minecraft:red_mushroom":1,"minecraft:filled_map":2,"minecraft:oak_log":884,"minecraft:chainmail_chestplate":1,"minecraft:lily_pad":6,"minecraft:golden_boots":3,"minecraft:yellow_bed":5,"minecraft:gunpowder":292,"minecraft:cobblestone_stairs":1,"securitycraft:reinforced_glass":10,"minecraft:white_banner":1,"minecraft:cooked_mutton":51,"minecraft:apple":11,"minecraft:stone_bricks":23,"minecraft:iron_ingot":101,"minecraft:oak_fence_gate":7,"minecraft:stone_pickaxe":32,"minecraft:cooked_chicken":4,"securitycraft:universal_block_reinforcer_lvl1":1,"tombstone:bag_of_seeds":1,"minecraft:iron_sword":11,"minecraft:acacia_sapling":1,"minecraft:dark_oak_stairs":1,"minecraft:book":69,"minecraft:oak_slab":109,"minecraft:smooth_basalt":1,"handcrafted:oak_fancy_bed":22,"minecraft:quartz":31,"minecraft:stone_brick_slab":13,"minecraft:dandelion":2,"minecraft:dripstone_block":3,"minecraft:gravel":374,"minecraft:amethyst_shard":52,"minecraft:white_bed":56,"securitycraft:reinforced_iron_block":18,"minecraft:spider_eye":14,"minecraft:leather_helmet":6,"minecraft:polished_diorite":3,"minecraft:stone_axe":26,"tacz:modern_kinetic_gun":35,"minecraft:iron_helmet":1,"minecraft:gray_wool":62,"securitycraft:keypad":1,"tombstone:magic_scroll":4,"minecraft:melon_seeds":2,"minecraft:brown_banner":1,"minecraft:black_wool":3,"minecraft:coal":1509,"minecraft:ender_pearl":1}},"DataVersion":3120}