{"stats":{"minecraft:dropped":{"minecraft:iron_ingot":15,"minecraft:bread":11,"minecraft:iron_sword":1,"minecraft:wheat_seeds":1,"minecraft:cooked_beef":11,"minecraft:copper_block":15,"minecraft:cobblestone":105,"minecraft:leather":3,"minecraft:torch":20,"tacz:modern_kinetic_gun":2,"minecraft:string":7,"minecraft:sugar_cane":8,"minecraft:stone_sword":2,"minecraft:cobbled_deepslate":1,"minecraft:cocoa_beans":10,"sophisticatedbackpacks:backpack":3,"minecraft:white_bed":1,"minecraft:poppy":1,"minecraft:shield":2,"minecraft:gunpowder":2,"minecraft:iron_chestplate":3,"tacz:ammo":120,"minecraft:bow":1,"minecraft:arrow":6,"minecraft:stone_pickaxe":2,"minecraft:wooden_pickaxe":1},"minecraft:custom":{"minecraft:mob_kills":69,"minecraft:interact_with_crafting_table":58,"minecraft:leave_game":11,"minecraft:time_since_death":28712,"minecraft:climb_one_cm":2789,"minecraft:sprint_one_cm":1026750,"minecraft:walk_one_cm":1605904,"minecraft:damage_blocked_by_shield":1120,"minecraft:drop":41,"minecraft:talked_to_villager":1,"minecraft:play_time":469680,"minecraft:deaths":16,"minecraft:sneak_time":28286,"minecraft:walk_under_water_one_cm":12543,"minecraft:boat_one_cm":663346,"minecraft:jump":7978,"minecraft:walk_on_water_one_cm":60939,"minecraft:total_world_time":469680,"minecraft:interact_with_furnace":115,"minecraft:sleep_in_bed":44,"minecraft:time_since_rest":9566,"minecraft:damage_taken":7601,"minecraft:damage_dealt":8709,"minecraft:swim_one_cm":36548,"minecraft:fly_one_cm":1284955,"minecraft:open_chest":190,"minecraft:crouch_one_cm":57495,"minecraft:fall_one_cm":182320},"minecraft:killed":{"minecraft:spider":7,"minecraft:skeleton":9,"minecraft:chicken":1,"minecraft:drowned":2,"thehorrid:fleshleech":2,"minecraft:pig":3,"minecraft:creeper":10,"minecraft:squid":1,"sackman:sackman":1,"minecraft:sheep":3,"minecraft:zombie":4,"minecraft:cow":21},"minecraft:mined":{"minecraft:white_bed":4,"minecraft:granite":7,"minecraft:acacia_log":22,"minecraft:grass_block":71,"sophisticatedbackpacks:iron_backpack":1,"tacz:gun_smith_table":1,"minecraft:hay_block":44,"minecraft:tall_seagrass":2,"minecraft:redstone_ore":2,"minecraft:furnace":2,"minecraft:fire":3,"minecraft:cobbled_deepslate":4,"minecraft:iron_ore":66,"minecraft:andesite":15,"minecraft:deepslate_lapis_ore":13,"minecraft:deepslate_iron_ore":10,"minecraft:dirt_path":1,"minecraft:bamboo":1,"minecraft:stone":207,"sophisticatedbackpacks:backpack":2,"minecraft:orange_bed":4,"minecraft:deepslate_redstone_ore":2,"minecraft:acacia_leaves":2,"minecraft:oak_fence":4,"minecraft:crafting_table":6,"minecraft:torch":15,"minecraft:poppy":1,"minecraft:melon":2,"minecraft:tall_grass":1,"minecraft:copper_ore":150,"minecraft:cobblestone":37,"minecraft:deepslate_gold_ore":4,"minecraft:lapis_ore":9,"minecraft:sugar_cane":3,"minecraft:oak_planks":6,"minecraft:diorite":5,"minecraft:wall_torch":6,"minecraft:deepslate_copper_ore":5,"minecraft:lilac":1,"minecraft:brown_wall_banner":1,"minecraft:mangrove_leaves":3,"minecraft:grass":30,"minecraft:oak_log":52,"minecraft:coal_ore":331,"minecraft:cocoa":4,"minecraft:gravel":67,"minecraft:sand":2,"minecraft:dirt":20,"minecraft:cobweb":4,"minecraft:oak_leaves":13,"minecraft:deepslate":39},"minecraft:used":{"sophisticatedbackpacks:iron_backpack":1,"minecraft:stone_sword":128,"minecraft:stone_shovel":118,"tacz:gun_smith_table":2,"minecraft:chest":14,"minecraft:shield":28,"minecraft:iron_sword":10,"minecraft:cooked_chicken":4,"minecraft:orange_bed":4,"minecraft:torch":86,"minecraft:dirt":80,"minecraft:furnace":16,"minecraft:egg":2,"minecraft:cooked_beef":29,"minecraft:cobbled_deepslate":11,"minecraft:cooked_mutton":2,"minecraft:stone_pickaxe":661,"minecraft:oak_planks":12,"minecraft:wooden_pickaxe":6,"minecraft:sandstone":1,"minecraft:crafting_table":13,"minecraft:white_bed":13,"sophisticatedbackpacks:backpack":3,"minecraft:apple":3,"minecraft:acacia_sign":1,"minecraft:bread":22,"minecraft:iron_pickaxe":250,"minecraft:stone_axe":194,"minecraft:wooden_sword":27,"minecraft:cobblestone":137,"minecraft:cooked_porkchop":4,"minecraft:andesite":1,"minecraft:oak_boat":15},"minecraft:killed_by":{"sackman:sackman":2,"minecraft:enderman":1,"minecraft:drowned":1,"sanitydim:rotting_stalker":1,"mimicer:mimicer":2,"thehorrid:horrid_hunter":1,"sanitydim:sneaking_terror":3,"minecraft:skeleton":2,"cave_dweller:cave_dweller":1,"assimilator:assimilator":2},"minecraft:crafted":{"minecraft:black_dye":1,"minecraft:wooden_sword":3,"minecraft:oak_planks":168,"minecraft:stone_shovel":1,"minecraft:furnace":15,"minecraft:cooked_mutton":2,"minecraft:stone_pickaxe":8,"minecraft:chest":17,"minecraft:copper_block":15,"sophisticatedbackpacks:iron_backpack":1,"minecraft:cooked_beef":39,"minecraft:crafting_table":8,"minecraft:wooden_pickaxe":1,"minecraft:iron_sword":1,"minecraft:copper_ingot":233,"minecraft:leather_helmet":1,"minecraft:stone_axe":2,"minecraft:air":0,"minecraft:oak_boat":4,"minecraft:iron_chestplate":2,"minecraft:charcoal":26,"minecraft:shield":3,"minecraft:stick":56,"minecraft:iron_ingot":72,"minecraft:iron_pickaxe":1,"minecraft:stone_sword":2,"minecraft:white_bed":1,"minecraft:acacia_planks":120,"minecraft:torch":108},"minecraft:broken":{"minecraft:leather_helmet":1,"minecraft:stone_pickaxe":3,"minecraft:stone_axe":1,"minecraft:iron_pickaxe":1},"minecraft:picked_up":{"minecraft:iron_chestplate":3,"minecraft:cocoa_beans":10,"minecraft:crafting_table":12,"minecraft:wheat":5,"minecraft:chicken":1,"minecraft:wooden_pickaxe":3,"minecraft:shield":3,"minecraft:string":16,"minecraft:raw_copper":600,"minecraft:wooden_sword":2,"tacz:ammo":532,"minecraft:cobbled_deepslate":53,"minecraft:spruce_planks":1,"minecraft:acacia_sign":3,"minecraft:beef":55,"minecraft:oak_boat":18,"minecraft:poppy":1,"minecraft:iron_pickaxe":2,"minecraft:melon_slice":11,"minecraft:sugar_cane":14,"minecraft:furnace":1,"minecraft:egg":21,"minecraft:stick":28,"minecraft:raw_iron":107,"minecraft:sandstone":16,"minecraft:oak_fence":8,"minecraft:torch":188,"minecraft:acacia_log":71,"minecraft:spruce_stairs":5,"sophisticatedbackpacks:backpack":11,"minecraft:porkchop":7,"minecraft:diorite":11,"minecraft:redstone":18,"minecraft:dark_oak_planks":3,"minecraft:orange_bed":5,"minecraft:rotten_flesh":7,"minecraft:stone_shovel":4,"minecraft:stone_sword":12,"minecraft:arrow":32,"minecraft:hay_block":44,"minecraft:mutton":5,"minecraft:white_wool":3,"minecraft:cobblestone":494,"minecraft:leather_chestplate":1,"minecraft:feather":2,"minecraft:cooked_beef":55,"minecraft:lilac":3,"minecraft:andesite":22,"minecraft:leather":29,"minecraft:flint":7,"minecraft:oak_log":96,"minecraft:lily_pad":6,"minecraft:gunpowder":21,"minecraft:lapis_lazuli":217,"minecraft:dirt":141,"minecraft:cooked_mutton":7,"minecraft:bone":11,"minecraft:acacia_planks":37,"minecraft:apple":3,"minecraft:bow":5,"minecraft:wheat_seeds":28,"minecraft:raw_gold":4,"minecraft:stone_pickaxe":18,"minecraft:cooked_chicken":4,"tacz:gun_smith_table":2,"minecraft:bamboo":9,"minecraft:iron_sword":2,"minecraft:acacia_sapling":1,"minecraft:oak_planks":43,"minecraft:dark_oak_stairs":1,"minecraft:oak_slab":62,"minecraft:gravel":147,"minecraft:sand":6,"sophisticatedbackpacks:iron_backpack":4,"minecraft:ink_sac":3,"minecraft:white_bed":15,"minecraft:spider_eye":3,"minecraft:leather_helmet":4,"tacz:modern_kinetic_gun":4,"minecraft:stone_axe":10,"minecraft:granite":10,"minecraft:bread":89,"minecraft:oak_sapling":24,"minecraft:brown_banner":1,"minecraft:melon_seeds":1,"minecraft:coal":477}},"DataVersion":3120}