{"stats":{"minecraft:custom":{"minecraft:mob_kills":80,"minecraft:interact_with_crafting_table":63,"minecraft:leave_game":12,"minecraft:time_since_death":2775,"minecraft:climb_one_cm":2789,"minecraft:sprint_one_cm":1102810,"minecraft:walk_one_cm":1725115,"minecraft:damage_blocked_by_shield":1120,"minecraft:drop":45,"minecraft:talked_to_villager":1,"minecraft:play_time":506460,"minecraft:sneak_time":30227,"minecraft:deaths":20,"minecraft:walk_under_water_one_cm":13256,"minecraft:boat_one_cm":663346,"minecraft:jump":8474,"minecraft:walk_on_water_one_cm":62006,"minecraft:total_world_time":506460,"minecraft:interact_with_furnace":115,"minecraft:sleep_in_bed":55,"minecraft:time_since_rest":2810,"minecraft:damage_taken":9124,"minecraft:damage_dealt":8767,"minecraft:swim_one_cm":42638,"minecraft:fly_one_cm":1363208,"minecraft:open_chest":208,"minecraft:crouch_one_cm":59339,"minecraft:fall_one_cm":192715},"minecraft:picked_up":{"minecraft:cocoa_beans":10,"minecraft:crafting_table":13,"minecraft:iron_chestplate":4,"minecraft:wheat":5,"minecraft:chicken":1,"minecraft:wooden_pickaxe":3,"minecraft:shield":5,"minecraft:string":17,"minecraft:raw_copper":600,"minecraft:wooden_sword":2,"tacz:ammo":652,"minecraft:cobbled_deepslate":53,"minecraft:spruce_planks":1,"minecraft:beef":55,"minecraft:acacia_sign":3,"minecraft:oak_boat":18,"minecraft:poppy":1,"minecraft:iron_pickaxe":2,"minecraft:melon_slice":11,"minecraft:sugar_cane":14,"minecraft:furnace":1,"minecraft:egg":21,"minecraft:golden_helmet":1,"minecraft:stick":28,"minecraft:raw_iron":107,"minecraft:sandstone":16,"minecraft:oak_fence":8,"minecraft:torch":189,"minecraft:acacia_log":71,"minecraft:spruce_stairs":5,"sophisticatedbackpacks:backpack":11,"minecraft:porkchop":7,"minecraft:diorite":19,"minecraft:redstone":18,"minecraft:dark_oak_planks":3,"minecraft:orange_bed":18,"minecraft:stone_sword":15,"minecraft:arrow":58,"minecraft:stone_shovel":5,"minecraft:rotten_flesh":10,"minecraft:hay_block":44,"minecraft:mutton":5,"minecraft:white_wool":3,"minecraft:cobblestone":495,"minecraft:leather_chestplate":1,"minecraft:lilac":3,"minecraft:feather":2,"minecraft:cooked_beef":65,"minecraft:andesite":22,"minecraft:leather":29,"minecraft:flint":7,"minecraft:oak_log":96,"minecraft:lily_pad":6,"minecraft:golden_boots":1,"minecraft:gunpowder":25,"minecraft:lapis_lazuli":217,"minecraft:dirt":191,"minecraft:leather_boots":1,"minecraft:cooked_mutton":7,"minecraft:bone":31,"minecraft:acacia_planks":37,"minecraft:apple":3,"minecraft:bow":7,"minecraft:wheat_seeds":28,"minecraft:raw_gold":4,"minecraft:stone_pickaxe":18,"minecraft:cooked_chicken":4,"minecraft:bamboo":9,"tacz:gun_smith_table":2,"minecraft:iron_sword":2,"minecraft:oak_planks":43,"minecraft:acacia_sapling":1,"minecraft:dark_oak_stairs":1,"minecraft:oak_slab":62,"minecraft:gravel":147,"minecraft:sand":6,"sophisticatedbackpacks:iron_backpack":7,"minecraft:ink_sac":3,"minecraft:white_bed":15,"minecraft:spider_eye":3,"minecraft:leather_helmet":4,"minecraft:stone_axe":10,"tacz:modern_kinetic_gun":5,"minecraft:granite":10,"minecraft:bread":89,"minecraft:oak_sapling":24,"minecraft:brown_banner":1,"minecraft:melon_seeds":1,"minecraft:coal":477},"minecraft:crafted":{"minecraft:black_dye":1,"minecraft:wooden_sword":3,"minecraft:oak_planks":168,"minecraft:stone_shovel":1,"minecraft:leather_boots":1,"minecraft:furnace":15,"minecraft:cooked_mutton":2,"minecraft:stone_pickaxe":8,"minecraft:chest":17,"minecraft:copper_block":15,"sophisticatedbackpacks:iron_backpack":1,"minecraft:cooked_beef":39,"minecraft:crafting_table":9,"minecraft:wooden_pickaxe":1,"minecraft:iron_sword":1,"minecraft:copper_ingot":233,"minecraft:leather_helmet":1,"minecraft:stone_axe":2,"minecraft:air":0,"minecraft:oak_boat":4,"minecraft:iron_chestplate":2,"minecraft:charcoal":26,"minecraft:shield":3,"minecraft:stick":60,"minecraft:iron_ingot":73,"minecraft:iron_pickaxe":2,"minecraft:stone_sword":2,"minecraft:white_bed":1,"minecraft:acacia_planks":120,"minecraft:torch":108},"minecraft:killed":{"minecraft:spider":7,"minecraft:skeleton":15,"minecraft:chicken":1,"minecraft:drowned":2,"thehorrid:fleshleech":2,"minecraft:pig":3,"minecraft:squid":1,"minecraft:creeper":12,"minecraft:sheep":3,"sackman:sackman":1,"minecraft:zombie":6,"minecraft:cow":21},"minecraft:mined":{"minecraft:white_bed":4,"minecraft:granite":7,"minecraft:acacia_log":22,"minecraft:grass_block":71,"sophisticatedbackpacks:iron_backpack":3,"tacz:gun_smith_table":1,"minecraft:hay_block":44,"minecraft:tall_seagrass":2,"minecraft:redstone_ore":2,"minecraft:furnace":2,"minecraft:iron_ore":66,"minecraft:cobbled_deepslate":4,"minecraft:fire":3,"minecraft:andesite":15,"minecraft:deepslate_lapis_ore":13,"minecraft:dirt_path":1,"minecraft:deepslate_iron_ore":10,"minecraft:bamboo":1,"minecraft:stone":208,"sophisticatedbackpacks:backpack":2,"minecraft:orange_bed":8,"minecraft:deepslate_redstone_ore":2,"minecraft:acacia_leaves":2,"minecraft:oak_fence":4,"minecraft:crafting_table":6,"minecraft:torch":15,"minecraft:poppy":1,"minecraft:melon":2,"minecraft:copper_ore":150,"minecraft:tall_grass":1,"minecraft:cobblestone":37,"minecraft:deepslate_gold_ore":4,"minecraft:lapis_ore":9,"minecraft:oak_planks":6,"minecraft:sugar_cane":3,"minecraft:diorite":13,"minecraft:wall_torch":6,"minecraft:deepslate_copper_ore":5,"minecraft:lilac":1,"minecraft:brown_wall_banner":1,"minecraft:mangrove_leaves":3,"minecraft:grass":30,"minecraft:oak_log":52,"minecraft:coal_ore":331,"minecraft:cocoa":4,"minecraft:gravel":67,"minecraft:dirt":20,"minecraft:sand":2,"minecraft:cobweb":4,"minecraft:oak_leaves":13,"minecraft:deepslate":39},"minecraft:killed_by":{"sackman:sackman":2,"minecraft:creeper":1,"minecraft:enderman":1,"minecraft:drowned":1,"sanitydim:rotting_stalker":2,"mimicer:mimicer":3,"thehorrid:horrid_hunter":1,"sanitydim:sneaking_terror":3,"minecraft:skeleton":2,"cave_dweller:cave_dweller":1,"assimilator:assimilator":3},"minecraft:broken":{"minecraft:leather_helmet":1,"minecraft:golden_helmet":1,"minecraft:stone_pickaxe":3,"minecraft:stone_axe":1,"minecraft:iron_pickaxe":1},"minecraft:used":{"minecraft:stone_sword":128,"sophisticatedbackpacks:iron_backpack":3,"minecraft:stone_shovel":118,"tacz:gun_smith_table":2,"minecraft:chest":14,"minecraft:shield":28,"minecraft:iron_sword":10,"minecraft:cooked_chicken":4,"minecraft:rotten_flesh":2,"minecraft:orange_bed":18,"minecraft:torch":86,"minecraft:dirt":81,"minecraft:bow":5,"minecraft:furnace":16,"minecraft:egg":2,"minecraft:cooked_beef":34,"minecraft:cobbled_deepslate":11,"minecraft:cooked_mutton":2,"minecraft:stone_pickaxe":661,"minecraft:oak_planks":12,"minecraft:wooden_pickaxe":6,"minecraft:sandstone":1,"minecraft:crafting_table":13,"minecraft:white_bed":13,"sophisticatedbackpacks:backpack":3,"minecraft:apple":3,"minecraft:acacia_sign":1,"minecraft:bread":22,"minecraft:iron_pickaxe":259,"minecraft:stone_axe":194,"minecraft:wooden_sword":27,"minecraft:cobblestone":137,"minecraft:cooked_porkchop":4,"minecraft:andesite":1,"minecraft:oak_boat":15},"minecraft:dropped":{"minecraft:bread":11,"minecraft:iron_ingot":15,"minecraft:iron_sword":1,"minecraft:wheat_seeds":1,"minecraft:cooked_beef":11,"minecraft:copper_block":15,"minecraft:cobblestone":105,"minecraft:leather":3,"minecraft:torch":20,"tacz:modern_kinetic_gun":2,"minecraft:string":8,"minecraft:sugar_cane":8,"minecraft:stone_sword":3,"minecraft:cobbled_deepslate":1,"minecraft:cocoa_beans":10,"minecraft:rotten_flesh":1,"sophisticatedbackpacks:backpack":3,"minecraft:white_bed":1,"minecraft:poppy":1,"minecraft:shield":2,"minecraft:gunpowder":2,"minecraft:iron_chestplate":3,"tacz:ammo":120,"minecraft:bow":2,"minecraft:arrow":6,"minecraft:wooden_pickaxe":1,"minecraft:stone_pickaxe":2}},"DataVersion":3120}