{"stats":{"minecraft:mined":{"minecraft:large_amethyst_bud":1,"minecraft:white_bed":16,"minecraft:granite":49,"minecraft:acacia_log":32,"minecraft:grass_block":205,"sophisticatedbackpacks:iron_backpack":10,"tacz:gun_smith_table":4,"minecraft:tall_seagrass":2,"minecraft:iron_ore":381,"minecraft:cobbled_deepslate":22,"minecraft:fire":6,"minecraft:deepslate_lapis_ore":38,"minecraft:pointed_dripstone":5,"minecraft:dirt_path":1,"minecraft:iron_bars":2,"minecraft:orange_bed":8,"minecraft:deepslate_redstone_ore":43,"minecraft:amethyst_cluster":2,"minecraft:torch":26,"minecraft:calcite":1,"minecraft:poppy":1,"minecraft:melon":2,"minecraft:chest":15,"minecraft:cobblestone":179,"minecraft:sugar_cane":5,"minecraft:oak_planks":6,"minecraft:wall_torch":16,"minecraft:amethyst_block":2,"minecraft:deepslate_copper_ore":49,"minecraft:wheat":1479,"minecraft:lilac":1,"minecraft:brown_wall_banner":1,"minecraft:stone_brick_stairs":5,"minecraft:grass":280,"minecraft:oak_log":608,"minecraft:oak_fence_gate":7,"minecraft:sand":2,"minecraft:dirt":199,"minecraft:netherrack":2,"minecraft:oak_leaves":111,"minecraft:deepslate":187,"minecraft:tuff":24,"minecraft:deepslate_diamond_ore":7,"minecraft:oak_door":1,"minecraft:glow_lichen":1,"minecraft:hay_block":127,"minecraft:redstone_ore":32,"cfm:oak_crate":2,"minecraft:furnace":7,"minecraft:andesite":58,"minecraft:gold_block":2,"minecraft:deepslate_iron_ore":204,"cfm:white_sofa":2,"minecraft:bamboo":1,"minecraft:stone":4032,"sophisticatedbackpacks:backpack":2,"minecraft:oak_slab":12,"minecraft:acacia_leaves":2,"minecraft:stone_brick_slab":13,"minecraft:oak_fence":4,"minecraft:crafting_table":15,"minecraft:tall_grass":9,"minecraft:copper_ore":329,"minecraft:deepslate_coal_ore":2,"minecraft:lapis_ore":36,"minecraft:deepslate_gold_ore":38,"minecraft:diorite":408,"minecraft:mangrove_leaves":3,"minecraft:coal_ore":971,"minecraft:cocoa":4,"minecraft:gravel":75,"minecraft:dripstone_block":3,"minecraft:cobweb":4,"minecraft:stone_bricks":23,"minecraft:gold_ore":4},"minecraft:killed_by":{"sackman:sackman":6,"minecraft:creeper":1,"minecraft:drowned":1,"sanitydim:rotting_stalker":4,"mimicer:mimicer":25,"man:managgresive":6,"sanitydim:sneaking_terror":4,"minecraft:zombie":4,"minecraft:player":1,"minecraft:enderman":5,"thehorrid:horrid_hunter":3,"apollyon:the_damned":3,"minecraft:skeleton":4,"assimilator:assimilator":16,"cave_dweller:cave_dweller":5},"minecraft:crafted":{"minecraft:black_dye":1,"minecraft:oak_planks":304,"minecraft:barrel":1,"minecraft:stone":190,"securitycraft:keypad_item":1,"minecraft:heavy_weighted_pressure_plate":1,"minecraft:cooked_mutton":10,"minecraft:iron_bars":16,"securitycraft:laser_block":1,"minecraft:glass":64,"minecraft:bow":1,"minecraft:chest":21,"minecraft:iron_door":3,"minecraft:copper_block":15,"minecraft:chiseled_stone_bricks":8,"minecraft:stone_bricks":100,"securitycraft:keypad_door_item":1,"minecraft:map":3,"minecraft:crafting_table":10,"minecraft:spruce_planks":8,"minecraft:wooden_pickaxe":1,"minecraft:iron_helmet":1,"minecraft:copper_ingot":825,"minecraft:stone_brick_stairs":16,"minecraft:iron_chestplate":4,"minecraft:wooden_hoe":8,"minecraft:charcoal":26,"minecraft:shield":4,"minecraft:stick":224,"minecraft:compass":3,"minecraft:iron_ingot":382,"securitycraft:security_camera":4,"minecraft:iron_pickaxe":3,"minecraft:stone_sword":2,"securitycraft:camera_monitor":1,"minecraft:gold_ingot":63,"minecraft:shears":1,"securitycraft:universal_block_reinforcer_lvl1":1,"minecraft:wooden_sword":3,"minecraft:redstone":54,"minecraft:raw_iron":81,"minecraft:stone_shovel":3,"minecraft:leather_boots":1,"minecraft:furnace":22,"minecraft:stone_button":9,"securitycraft:keypad_frame":1,"minecraft:iron_axe":1,"securitycraft:universal_block_remover":1,"minecraft:stone_pickaxe":26,"minecraft:wheat":810,"sophisticatedbackpacks:iron_backpack":1,"minecraft:cooked_beef":67,"minecraft:iron_sword":3,"minecraft:leather_helmet":1,"minecraft:bucket":1,"minecraft:stone_axe":11,"minecraft:bread":441,"minecraft:air":0,"minecraft:oak_boat":4,"securitycraft:door_indestructible_iron_item":1,"minecraft:acacia_sign":3,"minecraft:gunpowder":7,"minecraft:iron_shovel":1,"minecraft:iron_leggings":1,"minecraft:white_bed":2,"minecraft:acacia_planks":160,"minecraft:torch":160},"minecraft:custom":{"minecraft:interact_with_crafting_table":136,"minecraft:open_barrel":18,"minecraft:leave_game":28,"minecraft:time_since_death":12535,"minecraft:sprint_one_cm":3794623,"minecraft:damage_blocked_by_shield":6245,"minecraft:drop":193,"minecraft:talked_to_villager":5,"minecraft:play_time":1758689,"minecraft:deaths":92,"minecraft:jump":25588,"minecraft:walk_on_water_one_cm":135627,"minecraft:interact_with_furnace":474,"minecraft:traded_with_villager":7,"minecraft:interact_with_cartography_table":1,"minecraft:sleep_in_bed":166,"minecraft:damage_dealt":24521,"minecraft:player_kills":1,"minecraft:crouch_one_cm":149040,"tombstone:undead_killed":95,"minecraft:mob_kills":344,"minecraft:damage_dealt_resisted":205,"minecraft:climb_one_cm":3708,"minecraft:walk_one_cm":6068647,"minecraft:damage_dealt_absorbed":80,"minecraft:sneak_time":82577,"minecraft:walk_under_water_one_cm":44490,"minecraft:boat_one_cm":665325,"minecraft:total_world_time":1758689,"minecraft:time_since_rest":12322,"minecraft:damage_taken":37186,"minecraft:swim_one_cm":150850,"minecraft:fly_one_cm":4294797,"minecraft:open_chest":849,"minecraft:fall_one_cm":609334},"minecraft:killed":{"thehorrid:fakeleech":1,"minecraft:spider":29,"minecraft:skeleton":64,"minecraft:chicken":1,"minecraft:pig":3,"minecraft:salmon":1,"minecraft:creeper":89,"minecraft:sheep":8,"minecraft:pillager":1,"minecraft:zombie":74,"minecraft:cow":42,"mimicer:mimicer":2,"minecraft:drowned":2,"thehorrid:fleshleech":6,"minecraft:squid":1,"sackman:sackman":5},"minecraft:broken":{"minecraft:golden_helmet":1,"minecraft:golden_boots":1,"minecraft:iron_boots":1,"minecraft:stone_pickaxe":33,"minecraft:stone_axe":6,"minecraft:stone_shovel":2,"minecraft:leather_helmet":2,"minecraft:shield":2,"minecraft:leather_boots":2,"minecraft:iron_pickaxe":9,"minecraft:iron_helmet":1,"minecraft:wooden_hoe":4},"minecraft:dropped":{"sophisticatedbackpacks:iron_backpack":1,"minecraft:iron_sword":4,"minecraft:cooked_beef":11,"minecraft:oak_log":264,"minecraft:crafting_table":1,"minecraft:leather":3,"minecraft:item_frame":1,"minecraft:dirt":3,"minecraft:iron_pickaxe":3,"minecraft:bone":5,"minecraft:gravel":9,"minecraft:sugar_cane":8,"minecraft:cobbled_deepslate":1,"minecraft:rotten_flesh":18,"minecraft:oak_planks":1,"minecraft:cooked_mutton":7,"minecraft:white_bed":1,"minecraft:poppy":1,"minecraft:gunpowder":2,"securitycraft:camera_monitor":2,"minecraft:arrow":6,"tacz:attachment":2,"minecraft:iron_ingot":15,"minecraft:bread":38,"minecraft:wheat_seeds":2068,"minecraft:golden_helmet":1,"minecraft:copper_block":15,"minecraft:cobblestone":2944,"minecraft:golden_apple":1,"minecraft:diorite":375,"minecraft:torch":21,"tombstone:grave_dust":3,"minecraft:oak_stairs":4,"tacz:modern_kinetic_gun":5,"minecraft:string":10,"minecraft:stone_sword":3,"minecraft:cocoa_beans":10,"cozy_home:table_oak_single":1,"minecraft:stone_shovel":1,"sophisticatedbackpacks:backpack":3,"minecraft:shield":2,"minecraft:iron_chestplate":3,"cozy_home:table_stump_oak_single":1,"minecraft:andesite":6,"minecraft:oak_sapling":1,"minecraft:spider_eye":1,"tacz:ammo":146,"minecraft:wooden_pickaxe":1,"minecraft:bow":2,"minecraft:stone_pickaxe":2},"minecraft:used":{"minecraft:iron_shovel":30,"minecraft:chest":43,"minecraft:shield":143,"minecraft:stone":6,"minecraft:iron_sword":335,"securitycraft:security_camera":4,"minecraft:rotten_flesh":2,"securitycraft:keypad_item":2,"minecraft:tuff":12,"securitycraft:camera_monitor":6,"minecraft:stone_brick_stairs":29,"minecraft:stone_bricks":78,"minecraft:item_frame":17,"minecraft:bow":72,"minecraft:oak_sapling":1,"minecraft:furnace":30,"minecraft:egg":11,"minecraft:diorite":10,"minecraft:stone_pickaxe":4683,"minecraft:oak_planks":13,"minecraft:wooden_pickaxe":6,"securitycraft:keypad_frame":1,"minecraft:sandstone":1,"securitycraft:universal_block_remover":2,"minecraft:dripstone_block":3,"minecraft:redstone_torch":1,"sophisticatedbackpacks:backpack":3,"minecraft:melon_slice":9,"minecraft:bread":221,"minecraft:stone_button":1,"tombstone:grave_key":3,"minecraft:gravel":1,"minecraft:wooden_sword":27,"minecraft:andesite":6,"minecraft:oak_boat":17,"sophisticatedbackpacks:iron_backpack":10,"minecraft:iron_bars":4,"minecraft:stone_sword":173,"minecraft:stone_shovel":371,"tacz:gun_smith_table":5,"securitycraft:keypad_door_item":1,"minecraft:cooked_chicken":4,"minecraft:oak_door":1,"minecraft:orange_bed":24,"minecraft:torch":562,"minecraft:dirt":580,"minecraft:granite":1,"minecraft:oak_fence_gate":5,"minecraft:stone_brick_slab":8,"cfm:oak_crate":2,"minecraft:iron_axe":21,"minecraft:iron_boots":1,"minecraft:barrel":6,"minecraft:smooth_basalt":1,"tombstone:gift":4,"minecraft:cooked_beef":65,"minecraft:cobbled_deepslate":123,"minecraft:iron_leggings":1,"minecraft:calcite":1,"minecraft:wheat_seeds":1413,"minecraft:cooked_mutton":10,"minecraft:water_bucket":12,"minecraft:amethyst_block":2,"minecraft:cartography_table":1,"minecraft:crafting_table":23,"minecraft:white_bed":37,"minecraft:oak_log":29,"minecraft:wooden_hoe":259,"minecraft:apple":3,"minecraft:acacia_sign":4,"cfm:white_sofa":2,"minecraft:iron_pickaxe":2489,"minecraft:map":3,"minecraft:stone_axe":973,"minecraft:chiseled_stone_bricks":6,"minecraft:cobblestone":525,"minecraft:cooked_porkchop":4,"minecraft:bucket":12,"minecraft:yellow_bed":5},"minecraft:picked_up":{"minecraft:iron_chestplate":4,"minecraft:wheat":1498,"securitycraft:keypad_item":4,"minecraft:redstone_block":7,"minecraft:oak_stairs":28,"minecraft:stone_brick_stairs":5,"minecraft:amethyst_block":2,"minecraft:string":42,"minecraft:raw_copper":1679,"minecraft:cobbled_deepslate":218,"minecraft:spruce_planks":1,"minecraft:acacia_sign":4,"cozy_home:table_stump_oak_single":1,"minecraft:redstone_torch":3,"minecraft:calcite":1,"minecraft:iron_pickaxe":8,"minecraft:melon_slice":15,"minecraft:furnace":6,"minecraft:crimson_sign":1,"securitycraft:reinforced_redstone_block":14,"minecraft:golden_helmet":2,"minecraft:stick":107,"minecraft:oak_fence":8,"minecraft:torch":730,"minecraft:acacia_log":81,"minecraft:spruce_stairs":5,"minecraft:porkchop":7,"securitycraft:camera_monitor":2,"tacz:attachment":8,"minecraft:pointed_dripstone":15,"tombstone:grave_dust":20,"minecraft:diorite":437,"minecraft:orange_bed":24,"minecraft:stone_sword":22,"minecraft:rotten_flesh":121,"minecraft:iron_bars":2,"minecraft:cobblestone":5568,"minecraft:leather_chestplate":3,"minecraft:cooked_beef":141,"minecraft:feather":2,"minecraft:lilac":3,"minecraft:andesite":65,"minecraft:brown_wool":2,"minecraft:potato":1,"minecraft:flint":8,"minecraft:tuff":24,"minecraft:lapis_lazuli":734,"minecraft:dirt":1247,"minecraft:bone":126,"cozy_home:table_oak_single":1,"minecraft:leather_boots":9,"minecraft:glass":40,"minecraft:acacia_planks":52,"minecraft:bow":19,"minecraft:wheat_seeds":4154,"minecraft:raw_gold":41,"minecraft:bamboo":9,"tacz:gun_smith_table":5,"minecraft:oak_planks":97,"minecraft:sand":6,"sophisticatedbackpacks:iron_backpack":32,"minecraft:ink_sac":3,"minecraft:bundle":2,"minecraft:diamond":7,"minecraft:granite":59,"minecraft:bread":286,"minecraft:oak_sapling":60,"minecraft:netherrack":2,"minecraft:cocoa_beans":10,"minecraft:crafting_table":29,"minecraft:chicken":1,"minecraft:wooden_pickaxe":3,"securitycraft:reinforced_glass_pane":1,"minecraft:gold_block":2,"minecraft:shield":18,"minecraft:wooden_sword":2,"tacz:ammo":7176,"minecraft:item_frame":6,"minecraft:glass_pane":29,"minecraft:cartography_table":1,"minecraft:beef":99,"minecraft:oak_boat":20,"minecraft:iron_nugget":8,"minecraft:poppy":1,"minecraft:sugar_cane":18,"minecraft:chest":15,"minecraft:egg":38,"cfm:white_sofa":2,"minecraft:raw_iron":615,"minecraft:sandstone":16,"minecraft:stone":39,"minecraft:oak_door":1,"minecraft:copper_ingot":142,"sophisticatedbackpacks:crafting_upgrade":1,"sophisticatedbackpacks:backpack":11,"minecraft:redstone":345,"minecraft:dark_oak_planks":3,"minecraft:arrow":149,"minecraft:stone_shovel":24,"minecraft:hay_block":126,"minecraft:gold_ingot":13,"minecraft:mutton":21,"minecraft:white_wool":6,"minecraft:clock":12,"cfm:oak_crate":2,"minecraft:salmon":3,"minecraft:leather":55,"minecraft:filled_map":2,"minecraft:oak_log":884,"minecraft:lily_pad":6,"minecraft:golden_boots":2,"minecraft:yellow_bed":5,"minecraft:gunpowder":221,"minecraft:cobblestone_stairs":1,"securitycraft:reinforced_glass":10,"minecraft:cooked_mutton":51,"minecraft:apple":11,"minecraft:stone_bricks":23,"minecraft:oak_fence_gate":7,"minecraft:iron_ingot":23,"minecraft:stone_pickaxe":32,"minecraft:cooked_chicken":4,"securitycraft:universal_block_reinforcer_lvl1":1,"minecraft:iron_sword":11,"minecraft:acacia_sapling":1,"minecraft:dark_oak_stairs":1,"minecraft:oak_slab":104,"minecraft:smooth_basalt":1,"minecraft:stone_brick_slab":13,"minecraft:dripstone_block":3,"minecraft:gravel":170,"minecraft:amethyst_shard":8,"minecraft:white_bed":38,"minecraft:spider_eye":13,"minecraft:leather_helmet":5,"minecraft:stone_axe":26,"tacz:modern_kinetic_gun":23,"minecraft:melon_seeds":2,"securitycraft:keypad":1,"tombstone:magic_scroll":2,"minecraft:brown_banner":1,"minecraft:black_wool":2,"minecraft:coal":1373,"minecraft:ender_pearl":1}},"DataVersion":3120}