{"stats":{"minecraft:custom":{"minecraft:interact_with_furnace":35,"minecraft:mob_kills":35,"minecraft:interact_with_crafting_table":29,"minecraft:leave_game":3,"minecraft:time_since_death":17466,"minecraft:sleep_in_bed":11,"minecraft:climb_one_cm":189,"minecraft:time_since_rest":1920,"minecraft:sprint_one_cm":208535,"minecraft:damage_taken":1339,"minecraft:walk_one_cm":477676,"minecraft:drop":4,"minecraft:damage_dealt":4897,"minecraft:swim_one_cm":18078,"minecraft:fly_one_cm":422581,"minecraft:open_chest":32,"minecraft:crouch_one_cm":13957,"minecraft:play_time":125877,"minecraft:sneak_time":5013,"minecraft:deaths":3,"minecraft:walk_under_water_one_cm":6111,"minecraft:boat_one_cm":568990,"minecraft:jump":2092,"minecraft:walk_on_water_one_cm":26834,"minecraft:total_world_time":125877,"minecraft:fall_one_cm":44827},"minecraft:picked_up":{"minecraft:leather_chestplate":1,"minecraft:crafting_table":5,"minecraft:wheat":5,"minecraft:lilac":3,"minecraft:cooked_beef":20,"minecraft:leather":22,"minecraft:wooden_pickaxe":3,"minecraft:oak_log":96,"minecraft:gunpowder":4,"minecraft:dirt":32,"minecraft:string":8,"minecraft:raw_copper":172,"minecraft:wooden_sword":2,"minecraft:bone":3,"minecraft:apple":3,"minecraft:wheat_seeds":18,"minecraft:spruce_planks":1,"minecraft:stone_pickaxe":8,"minecraft:beef":37,"minecraft:cooked_chicken":4,"minecraft:oak_boat":10,"minecraft:oak_planks":7,"minecraft:dark_oak_stairs":1,"minecraft:egg":15,"minecraft:stick":26,"minecraft:raw_iron":4,"minecraft:sandstone":16,"minecraft:torch":37,"minecraft:spruce_stairs":5,"minecraft:gravel":6,"minecraft:porkchop":7,"minecraft:sand":6,"minecraft:diorite":6,"minecraft:white_bed":3,"minecraft:spider_eye":3,"minecraft:dark_oak_planks":3,"minecraft:stone_sword":3,"minecraft:arrow":11,"minecraft:rotten_flesh":4,"minecraft:stone_axe":3,"minecraft:oak_sapling":24,"minecraft:mutton":5,"minecraft:coal":213,"minecraft:white_wool":3,"minecraft:cobblestone":100},"minecraft:crafted":{"minecraft:cooked_beef":17,"minecraft:wooden_sword":3,"minecraft:oak_planks":168,"minecraft:crafting_table":4,"minecraft:wooden_pickaxe":1,"minecraft:furnace":3,"minecraft:stone_axe":1,"minecraft:cooked_mutton":2,"minecraft:air":0,"minecraft:oak_boat":3,"minecraft:charcoal":26,"minecraft:stick":20,"minecraft:iron_ingot":2,"minecraft:stone_pickaxe":6,"minecraft:stone_sword":2,"minecraft:chest":7,"minecraft:white_bed":1,"minecraft:torch":28},"minecraft:killed":{"minecraft:pig":3,"minecraft:spider":4,"minecraft:creeper":4,"minecraft:skeleton":1,"minecraft:sheep":3,"minecraft:zombie":2,"minecraft:drowned":1,"minecraft:cow":14},"minecraft:mined":{"minecraft:white_bed":3,"minecraft:crafting_table":2,"minecraft:torch":6,"minecraft:grass_block":4,"minecraft:copper_ore":44,"minecraft:cobblestone":6,"minecraft:diorite":2,"minecraft:wall_torch":1,"minecraft:tall_seagrass":2,"minecraft:iron_ore":3,"minecraft:lilac":1,"minecraft:mangrove_leaves":2,"minecraft:grass":11,"minecraft:oak_log":52,"minecraft:coal_ore":129,"minecraft:gravel":4,"minecraft:sand":2,"minecraft:dirt":2,"minecraft:stone":69,"minecraft:oak_leaves":10},"minecraft:killed_by":{"sackman:sackman":1,"minecraft:skeleton":1,"minecraft:drowned":1},"minecraft:used":{"minecraft:cooked_mutton":2,"minecraft:stone_sword":80,"minecraft:stone_pickaxe":250,"minecraft:chest":5,"minecraft:wooden_pickaxe":6,"minecraft:sandstone":1,"minecraft:cooked_chicken":4,"minecraft:torch":12,"minecraft:crafting_table":5,"minecraft:white_bed":2,"minecraft:apple":3,"minecraft:wooden_sword":27,"minecraft:stone_axe":76,"minecraft:cobblestone":24,"minecraft:furnace":3,"minecraft:oak_boat":10,"minecraft:egg":2,"minecraft:cooked_beef":5},"minecraft:dropped":{"minecraft:stone_sword":1,"minecraft:cobblestone":1,"minecraft:wooden_pickaxe":1,"minecraft:stone_pickaxe":1}},"DataVersion":3120}