{"stats":{"minecraft:mined":{"minecraft:large_amethyst_bud":1,"minecraft:white_bed":20,"minecraft:granite":379,"minecraft:acacia_log":32,"minecraft:grass_block":283,"sophisticatedbackpacks:iron_backpack":10,"tacz:gun_smith_table":4,"minecraft:tall_seagrass":2,"minecraft:iron_ore":410,"minecraft:cobbled_deepslate":22,"minecraft:fire":9,"minecraft:deepslate_lapis_ore":38,"minecraft:pointed_dripstone":5,"minecraft:dirt_path":1,"minecraft:iron_bars":2,"minecraft:orange_bed":8,"minecraft:deepslate_redstone_ore":43,"minecraft:amethyst_cluster":2,"minecraft:torch":47,"minecraft:calcite":1,"minecraft:poppy":1,"minecraft:melon":2,"minecraft:chest":15,"minecraft:cobblestone":266,"minecraft:sugar_cane":52,"minecraft:oak_planks":6,"minecraft:wall_torch":16,"minecraft:amethyst_block":2,"minecraft:deepslate_copper_ore":49,"minecraft:wheat":1479,"minecraft:lilac":1,"minecraft:brown_wall_banner":1,"minecraft:stone_brick_stairs":5,"minecraft:grass":285,"minecraft:oak_log":608,"minecraft:oak_fence_gate":7,"minecraft:sand":3,"minecraft:dirt":378,"minecraft:netherrack":2,"minecraft:oak_leaves":111,"minecraft:deepslate":187,"minecraft:tuff":24,"minecraft:deepslate_diamond_ore":7,"minecraft:oak_door":1,"minecraft:glow_lichen":1,"minecraft:hay_block":139,"minecraft:redstone_ore":32,"cfm:oak_crate":2,"minecraft:furnace":11,"minecraft:andesite":58,"minecraft:gold_block":4,"minecraft:bell":1,"minecraft:deepslate_iron_ore":204,"minecraft:packed_ice":8,"cfm:white_sofa":2,"minecraft:bamboo":1,"minecraft:stone":6869,"sophisticatedbackpacks:backpack":2,"minecraft:oak_slab":12,"minecraft:acacia_leaves":2,"minecraft:stone_brick_slab":13,"minecraft:oak_fence":6,"minecraft:crafting_table":15,"minecraft:emerald_ore":1,"handcrafted:oak_fancy_bed":2,"minecraft:copper_ore":336,"minecraft:tall_grass":10,"minecraft:deepslate_coal_ore":2,"minecraft:lapis_ore":36,"minecraft:deepslate_gold_ore":38,"minecraft:diorite":408,"minecraft:coarse_dirt":6,"minecraft:redstone_torch":1,"minecraft:birch_leaves":2,"minecraft:mangrove_leaves":3,"minecraft:coal_ore":1040,"minecraft:cocoa":4,"minecraft:gravel":287,"minecraft:dripstone_block":3,"minecraft:cobweb":4,"minecraft:stone_bricks":23,"minecraft:gold_ore":4},"minecraft:killed_by":{"sackman:sackman":10,"minecraft:creeper":1,"minecraft:drowned":1,"sanitydim:rotting_stalker":4,"mimicer:mimicer":35,"man:managgresive":6,"sanitydim:sneaking_terror":4,"minecraft:zombie":4,"minecraft:player":3,"minecraft:enderman":5,"thehorrid:horrid_hunter":3,"apollyon:the_damned":4,"minecraft:skeleton":5,"assimilator:assimilator":21,"cave_dweller:cave_dweller":5},"minecraft:crafted":{"minecraft:black_dye":1,"minecraft:smooth_stone":19,"minecraft:oak_planks":316,"minecraft:barrel":1,"minecraft:stone":190,"securitycraft:keypad_item":1,"minecraft:heavy_weighted_pressure_plate":1,"minecraft:cooked_mutton":10,"minecraft:iron_bars":16,"securitycraft:laser_block":1,"minecraft:glass":64,"minecraft:bow":2,"minecraft:iron_boots":1,"minecraft:raw_copper":432,"minecraft:chest":36,"minecraft:iron_door":3,"minecraft:copper_block":15,"minecraft:chiseled_stone_bricks":8,"minecraft:stone_bricks":100,"securitycraft:keypad_door_item":1,"minecraft:dropper":1,"minecraft:map":3,"minecraft:crafting_table":10,"minecraft:spruce_planks":8,"minecraft:wooden_pickaxe":1,"minecraft:iron_helmet":2,"minecraft:copper_ingot":1261,"minecraft:dispenser":6,"minecraft:stone_brick_stairs":16,"minecraft:iron_chestplate":5,"minecraft:wooden_hoe":8,"minecraft:charcoal":26,"minecraft:shield":4,"minecraft:stick":280,"minecraft:iron_ingot":748,"securitycraft:security_camera":4,"minecraft:compass":3,"minecraft:iron_pickaxe":8,"minecraft:stone_sword":2,"securitycraft:camera_monitor":1,"minecraft:gold_ingot":74,"minecraft:shears":1,"securitycraft:universal_block_reinforcer_lvl1":1,"minecraft:wooden_sword":3,"minecraft:redstone":54,"minecraft:raw_iron":81,"minecraft:stone_shovel":3,"securitycraft:sentry":1,"minecraft:leather_boots":2,"minecraft:furnace":22,"minecraft:stone_button":9,"securitycraft:keypad_frame":1,"minecraft:iron_axe":1,"securitycraft:universal_block_remover":1,"minecraft:stone_pickaxe":26,"sophisticatedbackpacks:iron_backpack":1,"minecraft:wheat":810,"minecraft:cooked_beef":67,"minecraft:iron_sword":4,"minecraft:leather_helmet":1,"minecraft:bucket":1,"minecraft:stone_axe":11,"minecraft:bread":441,"minecraft:air":0,"minecraft:oak_boat":4,"securitycraft:door_indestructible_iron_item":1,"minecraft:acacia_sign":3,"minecraft:gunpowder":7,"minecraft:iron_shovel":2,"minecraft:iron_leggings":2,"minecraft:white_bed":2,"minecraft:acacia_planks":252,"minecraft:torch":160},"minecraft:custom":{"minecraft:interact_with_crafting_table":142,"minecraft:open_barrel":40,"minecraft:leave_game":31,"minecraft:time_since_death":88372,"minecraft:sprint_one_cm":4995225,"minecraft:damage_blocked_by_shield":6900,"minecraft:drop":211,"minecraft:talked_to_villager":7,"minecraft:play_time":2137633,"minecraft:deaths":116,"minecraft:jump":31975,"minecraft:walk_on_water_one_cm":148805,"minecraft:enchant_item":18,"minecraft:interact_with_furnace":649,"minecraft:traded_with_villager":7,"minecraft:interact_with_cartography_table":1,"minecraft:sleep_in_bed":220,"minecraft:damage_dealt":26285,"minecraft:player_kills":3,"minecraft:crouch_one_cm":188893,"tombstone:undead_killed":121,"minecraft:interact_with_smoker":5,"minecraft:interact_with_smithing_table":1,"minecraft:mob_kills":416,"minecraft:damage_dealt_resisted":205,"minecraft:climb_one_cm":25929,"minecraft:walk_one_cm":7219584,"minecraft:damage_dealt_absorbed":80,"minecraft:sneak_time":99454,"minecraft:walk_under_water_one_cm":50168,"minecraft:boat_one_cm":906855,"minecraft:interact_with_blast_furnace":14,"minecraft:total_world_time":2137633,"minecraft:time_since_rest":14544,"minecraft:damage_taken":46645,"minecraft:swim_one_cm":173396,"minecraft:fly_one_cm":5694268,"minecraft:open_chest":1057,"minecraft:fall_one_cm":777255},"minecraft:killed":{"thehorrid:fakeleech":5,"minecraft:spider":31,"minecraft:skeleton":76,"minecraft:chicken":2,"minecraft:pig":3,"minecraft:salmon":1,"minecraft:creeper":103,"minecraft:sheep":8,"minecraft:pillager":1,"minecraft:zombie":88,"minecraft:cow":59,"mimicer:mimicer":6,"minecraft:drowned":2,"thehorrid:fleshleech":8,"minecraft:squid":1,"sackman:sackman":5},"minecraft:broken":{"minecraft:golden_helmet":1,"minecraft:iron_shovel":1,"minecraft:golden_boots":1,"minecraft:iron_boots":2,"minecraft:iron_chestplate":1,"minecraft:iron_leggings":2,"minecraft:stone_pickaxe":33,"minecraft:stone_axe":6,"minecraft:stone_shovel":2,"minecraft:leather_helmet":3,"minecraft:shield":2,"minecraft:leather_boots":2,"minecraft:iron_pickaxe":21,"minecraft:iron_helmet":2,"minecraft:wooden_hoe":4},"minecraft:dropped":{"sophisticatedbackpacks:iron_backpack":1,"minecraft:iron_sword":4,"minecraft:lapis_lazuli":60,"minecraft:cooked_beef":11,"minecraft:oak_log":264,"minecraft:crafting_table":1,"minecraft:leather":3,"minecraft:item_frame":1,"minecraft:dirt":4,"cfm:oak_upgraded_fence":344,"minecraft:iron_pickaxe":5,"minecraft:bone":5,"minecraft:gravel":9,"minecraft:sugar_cane":8,"minecraft:cobbled_deepslate":1,"minecraft:rotten_flesh":18,"minecraft:oak_planks":1,"minecraft:cooked_mutton":7,"minecraft:white_bed":1,"minecraft:poppy":1,"minecraft:gunpowder":2,"securitycraft:camera_monitor":2,"minecraft:arrow":6,"tacz:attachment":3,"minecraft:bread":59,"minecraft:iron_ingot":19,"minecraft:wheat_seeds":2069,"minecraft:golden_helmet":1,"minecraft:copper_block":15,"minecraft:cobblestone":2944,"minecraft:golden_apple":1,"minecraft:diorite":375,"minecraft:torch":21,"tombstone:grave_dust":3,"minecraft:oak_stairs":4,"tacz:modern_kinetic_gun":6,"minecraft:string":10,"minecraft:stone_sword":3,"minecraft:cocoa_beans":10,"cozy_home:table_oak_single":1,"minecraft:stone_shovel":1,"sophisticatedbackpacks:backpack":3,"minecraft:shield":2,"man:tearoftheman":1,"minecraft:iron_chestplate":3,"cozy_home:table_stump_oak_single":1,"minecraft:andesite":6,"minecraft:oak_boat":1,"minecraft:oak_sapling":1,"minecraft:spider_eye":1,"tacz:ammo":154,"minecraft:wooden_pickaxe":1,"minecraft:bow":2,"minecraft:stone_pickaxe":2},"minecraft:used":{"minecraft:iron_shovel":486,"minecraft:ladder":14,"minecraft:chest":44,"minecraft:shield":159,"minecraft:stone":6,"minecraft:iron_sword":409,"securitycraft:security_camera":4,"minecraft:rotten_flesh":2,"securitycraft:keypad_item":2,"minecraft:tuff":12,"securitycraft:camera_monitor":6,"minecraft:stone_brick_stairs":29,"minecraft:stone_bricks":78,"minecraft:item_frame":17,"minecraft:bow":72,"minecraft:oak_sapling":1,"minecraft:furnace":30,"minecraft:egg":14,"minecraft:diorite":10,"minecraft:stone_pickaxe":4683,"minecraft:oak_planks":13,"minecraft:wooden_pickaxe":6,"securitycraft:keypad_frame":1,"minecraft:sandstone":1,"securitycraft:universal_block_remover":2,"minecraft:dripstone_block":3,"minecraft:redstone_torch":2,"sophisticatedbackpacks:backpack":3,"minecraft:melon_slice":9,"minecraft:bread":320,"minecraft:stone_button":1,"tombstone:grave_key":4,"minecraft:gravel":1,"minecraft:wooden_sword":27,"handcrafted:oak_fancy_bed":16,"minecraft:andesite":6,"minecraft:oak_boat":18,"minecraft:coarse_dirt":4,"minecraft:oak_fence":3,"sophisticatedbackpacks:iron_backpack":10,"minecraft:iron_bars":4,"minecraft:stone_sword":173,"minecraft:stone_shovel":371,"tacz:gun_smith_table":5,"securitycraft:keypad_door_item":1,"minecraft:cooked_chicken":4,"minecraft:oak_door":1,"minecraft:orange_bed":24,"minecraft:torch":644,"minecraft:dirt":1294,"minecraft:granite":1,"minecraft:oak_fence_gate":5,"minecraft:stone_brick_slab":8,"cfm:oak_crate":2,"minecraft:iron_axe":28,"minecraft:iron_boots":1,"minecraft:barrel":6,"minecraft:smooth_basalt":1,"securitycraft:sentry":7,"tombstone:gift":4,"minecraft:cooked_beef":65,"minecraft:cobbled_deepslate":123,"minecraft:iron_leggings":1,"minecraft:calcite":1,"minecraft:wheat_seeds":1413,"minecraft:cooked_mutton":10,"minecraft:water_bucket":12,"minecraft:amethyst_block":2,"minecraft:cartography_table":1,"minecraft:crafting_table":23,"minecraft:white_bed":41,"minecraft:oak_log":29,"minecraft:wooden_hoe":259,"minecraft:apple":3,"minecraft:acacia_sign":4,"cfm:white_sofa":2,"minecraft:iron_pickaxe":5865,"minecraft:map":3,"minecraft:stone_axe":973,"minecraft:chiseled_stone_bricks":6,"minecraft:cobblestone":704,"minecraft:cooked_porkchop":4,"minecraft:bucket":12,"minecraft:yellow_bed":5},"minecraft:picked_up":{"minecraft:iron_chestplate":4,"minecraft:wheat":1498,"securitycraft:keypad_item":4,"minecraft:redstone_block":7,"minecraft:oak_stairs":28,"minecraft:stone_brick_stairs":5,"minecraft:amethyst_block":2,"minecraft:string":45,"minecraft:raw_copper":1703,"minecraft:cobbled_deepslate":218,"minecraft:spruce_planks":1,"minecraft:acacia_sign":4,"cozy_home:table_stump_oak_single":1,"minecraft:redstone_torch":4,"minecraft:calcite":1,"minecraft:iron_pickaxe":8,"minecraft:melon_slice":15,"minecraft:furnace":10,"minecraft:crimson_sign":1,"securitycraft:reinforced_redstone_block":14,"minecraft:golden_helmet":3,"minecraft:stick":107,"minecraft:oak_fence":11,"minecraft:torch":767,"minecraft:acacia_log":81,"minecraft:spruce_stairs":5,"securitycraft:camera_monitor":2,"minecraft:porkchop":7,"tacz:attachment":13,"minecraft:pointed_dripstone":15,"tombstone:grave_dust":23,"minecraft:diorite":437,"minecraft:orange_bed":24,"minecraft:stone_sword":22,"minecraft:rotten_flesh":139,"minecraft:iron_bars":2,"minecraft:cobblestone":8480,"minecraft:cooked_beef":141,"minecraft:leather_chestplate":3,"minecraft:feather":4,"minecraft:lilac":3,"minecraft:water_bucket":1,"minecraft:andesite":65,"minecraft:brown_wool":2,"minecraft:potato":1,"minecraft:flint":19,"minecraft:tuff":24,"minecraft:lapis_lazuli":734,"minecraft:dirt":1497,"securitycraft:sentry":1,"minecraft:bone":135,"cozy_home:table_oak_single":1,"minecraft:leather_boots":9,"minecraft:glass":40,"minecraft:acacia_planks":52,"minecraft:bow":21,"minecraft:wheat_seeds":4156,"minecraft:raw_gold":41,"minecraft:bell":1,"minecraft:bamboo":9,"tacz:gun_smith_table":5,"minecraft:oak_planks":97,"minecraft:sand":7,"cfm:oak_upgraded_fence":344,"sophisticatedbackpacks:iron_backpack":32,"minecraft:ink_sac":3,"minecraft:bundle":2,"man:tearoftheman":1,"minecraft:diamond":7,"minecraft:granite":389,"minecraft:emerald":1,"minecraft:bread":307,"minecraft:oak_sapling":60,"minecraft:netherrack":2,"minecraft:crafting_table":29,"minecraft:cocoa_beans":10,"minecraft:coarse_dirt":5,"minecraft:chicken":2,"minecraft:wooden_pickaxe":3,"securitycraft:reinforced_glass_pane":1,"minecraft:gold_block":4,"minecraft:shield":18,"minecraft:wooden_sword":2,"tacz:ammo":8766,"minecraft:item_frame":6,"minecraft:glass_pane":29,"minecraft:cartography_table":1,"minecraft:beef":133,"minecraft:oak_boat":22,"minecraft:iron_nugget":8,"minecraft:poppy":1,"minecraft:sugar_cane":124,"minecraft:chest":15,"minecraft:egg":41,"cfm:white_sofa":2,"minecraft:raw_iron":644,"minecraft:sandstone":16,"minecraft:stone":39,"minecraft:oak_door":1,"minecraft:copper_ingot":168,"sophisticatedbackpacks:crafting_upgrade":1,"sophisticatedbackpacks:backpack":11,"minecraft:carrot":1,"minecraft:redstone":345,"minecraft:dark_oak_planks":3,"minecraft:arrow":161,"minecraft:stone_shovel":24,"minecraft:hay_block":138,"minecraft:gold_ingot":26,"minecraft:mutton":21,"minecraft:white_wool":6,"minecraft:clock":12,"cfm:oak_crate":2,"minecraft:salmon":3,"minecraft:leather":69,"minecraft:filled_map":2,"minecraft:oak_log":884,"minecraft:lily_pad":6,"minecraft:golden_boots":3,"minecraft:yellow_bed":5,"minecraft:gunpowder":291,"minecraft:cobblestone_stairs":1,"securitycraft:reinforced_glass":10,"minecraft:cooked_mutton":51,"minecraft:apple":11,"minecraft:stone_bricks":23,"tombstone:bag_of_seeds":1,"minecraft:iron_ingot":98,"minecraft:oak_fence_gate":7,"minecraft:stone_pickaxe":32,"minecraft:cooked_chicken":4,"securitycraft:universal_block_reinforcer_lvl1":1,"minecraft:iron_sword":11,"minecraft:acacia_sapling":1,"minecraft:dark_oak_stairs":1,"minecraft:oak_slab":104,"minecraft:smooth_basalt":1,"handcrafted:oak_fancy_bed":16,"minecraft:stone_brick_slab":13,"minecraft:dripstone_block":3,"minecraft:gravel":372,"minecraft:amethyst_shard":8,"minecraft:white_bed":43,"securitycraft:reinforced_iron_block":18,"minecraft:spider_eye":13,"minecraft:leather_helmet":6,"minecraft:stone_axe":26,"tacz:modern_kinetic_gun":34,"securitycraft:keypad":1,"tombstone:magic_scroll":4,"minecraft:melon_seeds":2,"minecraft:brown_banner":1,"minecraft:black_wool":2,"minecraft:coal":1451,"minecraft:ender_pearl":1}},"DataVersion":3120}