{"stats":{"minecraft:custom":{"minecraft:interact_with_furnace":30,"minecraft:mob_kills":21,"minecraft:interact_with_crafting_table":21,"minecraft:leave_game":2,"minecraft:time_since_death":82742,"minecraft:sleep_in_bed":5,"minecraft:climb_one_cm":189,"minecraft:time_since_rest":16267,"minecraft:sprint_one_cm":131043,"minecraft:damage_taken":290,"minecraft:walk_one_cm":353505,"minecraft:drop":4,"minecraft:damage_dealt":2483,"minecraft:swim_one_cm":15683,"minecraft:fly_one_cm":264434,"minecraft:open_chest":6,"minecraft:crouch_one_cm":13563,"minecraft:play_time":82742,"minecraft:sneak_time":4858,"minecraft:walk_under_water_one_cm":4476,"minecraft:boat_one_cm":218423,"minecraft:jump":1359,"minecraft:walk_on_water_one_cm":24121,"minecraft:total_world_time":82742,"minecraft:fall_one_cm":27601},"minecraft:picked_up":{"minecraft:crafting_table":2,"minecraft:lilac":1,"minecraft:leather":10,"minecraft:wooden_pickaxe":1,"minecraft:oak_log":52,"minecraft:gunpowder":1,"minecraft:dirt":20,"minecraft:raw_copper":134,"minecraft:bone":2,"minecraft:apple":3,"minecraft:wheat_seeds":5,"minecraft:spruce_planks":1,"minecraft:stone_pickaxe":1,"minecraft:beef":21,"minecraft:cooked_chicken":4,"minecraft:oak_boat":3,"minecraft:dark_oak_stairs":1,"minecraft:egg":5,"minecraft:stick":12,"minecraft:raw_iron":2,"minecraft:sandstone":8,"minecraft:torch":7,"minecraft:spruce_stairs":5,"minecraft:gravel":3,"minecraft:porkchop":7,"minecraft:sand":2,"minecraft:diorite":2,"minecraft:dark_oak_planks":1,"minecraft:stone_sword":1,"minecraft:arrow":3,"minecraft:rotten_flesh":2,"minecraft:oak_sapling":8,"minecraft:mutton":5,"minecraft:coal":124,"minecraft:white_wool":3,"minecraft:cobblestone":74},"minecraft:crafted":{"minecraft:cooked_beef":9,"minecraft:wooden_sword":1,"minecraft:oak_planks":64,"minecraft:crafting_table":3,"minecraft:wooden_pickaxe":1,"minecraft:furnace":3,"minecraft:stone_axe":1,"minecraft:cooked_mutton":2,"minecraft:air":0,"minecraft:oak_boat":1,"minecraft:charcoal":26,"minecraft:stick":12,"minecraft:iron_ingot":2,"minecraft:stone_pickaxe":3,"minecraft:stone_sword":1,"minecraft:chest":1,"minecraft:white_bed":1,"minecraft:torch":12},"minecraft:killed":{"minecraft:pig":3,"minecraft:creeper":1,"minecraft:skeleton":1,"minecraft:sheep":3,"minecraft:zombie":2,"minecraft:cow":10},"minecraft:mined":{"minecraft:crafting_table":2,"minecraft:torch":6,"minecraft:grass_block":4,"minecraft:copper_ore":40,"minecraft:cobblestone":6,"minecraft:diorite":2,"minecraft:wall_torch":1,"minecraft:iron_ore":2,"minecraft:lilac":1,"minecraft:mangrove_leaves":2,"minecraft:grass":10,"minecraft:oak_log":52,"minecraft:coal_ore":125,"minecraft:dirt":2,"minecraft:gravel":4,"minecraft:sand":2,"minecraft:stone":69,"minecraft:oak_leaves":10},"minecraft:used":{"minecraft:cooked_mutton":2,"minecraft:stone_sword":38,"minecraft:stone_pickaxe":241,"minecraft:chest":1,"minecraft:wooden_pickaxe":6,"minecraft:cooked_chicken":4,"minecraft:torch":12,"minecraft:crafting_table":4,"minecraft:white_bed":1,"minecraft:apple":3,"minecraft:stone_axe":63,"minecraft:cobblestone":22,"minecraft:furnace":3,"minecraft:oak_boat":4,"minecraft:egg":2,"minecraft:cooked_beef":1},"minecraft:dropped":{"minecraft:stone_sword":1,"minecraft:cobblestone":1,"minecraft:wooden_pickaxe":1,"minecraft:stone_pickaxe":1}},"DataVersion":3120}