{"stats":{"minecraft:dropped":{"sophisticatedbackpacks:iron_backpack":1,"minecraft:bread":23,"minecraft:iron_ingot":15,"minecraft:iron_sword":1,"minecraft:wheat_seeds":1,"minecraft:cooked_beef":11,"minecraft:oak_log":16,"minecraft:copper_block":15,"minecraft:cobblestone":1021,"minecraft:leather":3,"minecraft:diorite":272,"minecraft:torch":20,"minecraft:oak_stairs":4,"tacz:modern_kinetic_gun":2,"minecraft:string":8,"minecraft:bone":3,"minecraft:sugar_cane":8,"minecraft:stone_sword":3,"minecraft:cobbled_deepslate":1,"minecraft:cocoa_beans":10,"minecraft:rotten_flesh":13,"sophisticatedbackpacks:backpack":3,"minecraft:cooked_mutton":7,"minecraft:white_bed":1,"minecraft:poppy":1,"minecraft:shield":2,"minecraft:gunpowder":2,"minecraft:iron_chestplate":3,"minecraft:spider_eye":1,"tacz:ammo":120,"minecraft:bow":2,"minecraft:arrow":6,"minecraft:wooden_pickaxe":1,"minecraft:stone_pickaxe":2},"minecraft:custom":{"minecraft:mob_kills":151,"minecraft:interact_with_crafting_table":102,"minecraft:leave_game":13,"minecraft:time_since_death":77642,"minecraft:climb_one_cm":3413,"minecraft:sprint_one_cm":1819413,"minecraft:walk_one_cm":3032239,"minecraft:damage_blocked_by_shield":2450,"minecraft:drop":79,"minecraft:talked_to_villager":1,"minecraft:play_time":798303,"minecraft:sneak_time":32216,"minecraft:deaths":43,"minecraft:walk_under_water_one_cm":19718,"minecraft:boat_one_cm":663346,"minecraft:jump":13618,"minecraft:walk_on_water_one_cm":72868,"minecraft:total_world_time":798303,"minecraft:interact_with_furnace":183,"minecraft:sleep_in_bed":78,"minecraft:time_since_rest":354,"minecraft:damage_taken":17853,"minecraft:damage_dealt":14706,"minecraft:swim_one_cm":77489,"minecraft:fly_one_cm":2228693,"minecraft:open_chest":345,"minecraft:crouch_one_cm":62155,"minecraft:fall_one_cm":328998},"minecraft:killed":{"thehorrid:fakeleech":1,"minecraft:spider":11,"minecraft:skeleton":26,"minecraft:chicken":1,"minecraft:drowned":2,"thehorrid:fleshleech":5,"minecraft:pig":3,"minecraft:salmon":1,"minecraft:squid":1,"minecraft:creeper":29,"sackman:sackman":3,"minecraft:sheep":8,"minecraft:pillager":1,"minecraft:zombie":17,"minecraft:cow":32},"minecraft:mined":{"minecraft:white_bed":4,"minecraft:glow_lichen":1,"minecraft:granite":12,"minecraft:acacia_log":32,"minecraft:grass_block":155,"sophisticatedbackpacks:iron_backpack":6,"tacz:gun_smith_table":1,"minecraft:hay_block":44,"minecraft:tall_seagrass":2,"minecraft:redstone_ore":2,"minecraft:furnace":2,"minecraft:iron_ore":69,"minecraft:fire":4,"minecraft:cobbled_deepslate":4,"minecraft:andesite":16,"minecraft:deepslate_lapis_ore":13,"minecraft:dirt_path":1,"minecraft:deepslate_iron_ore":10,"minecraft:bamboo":1,"minecraft:stone":1155,"sophisticatedbackpacks:backpack":2,"minecraft:orange_bed":8,"minecraft:deepslate_redstone_ore":2,"minecraft:acacia_leaves":2,"minecraft:oak_fence":4,"minecraft:crafting_table":12,"minecraft:torch":18,"minecraft:poppy":1,"minecraft:melon":2,"minecraft:copper_ore":186,"minecraft:tall_grass":8,"minecraft:cobblestone":39,"minecraft:deepslate_gold_ore":4,"minecraft:lapis_ore":9,"minecraft:oak_planks":6,"minecraft:sugar_cane":3,"minecraft:wall_torch":8,"minecraft:diorite":278,"minecraft:deepslate_copper_ore":5,"minecraft:wheat":479,"minecraft:lilac":1,"minecraft:brown_wall_banner":1,"minecraft:mangrove_leaves":3,"minecraft:grass":244,"minecraft:coal_ore":360,"minecraft:oak_log":56,"minecraft:cocoa":4,"minecraft:gravel":67,"minecraft:dirt":55,"minecraft:sand":2,"minecraft:cobweb":4,"minecraft:oak_leaves":15,"minecraft:deepslate":39},"minecraft:used":{"minecraft:stone_sword":173,"sophisticatedbackpacks:iron_backpack":6,"minecraft:stone_shovel":237,"tacz:gun_smith_table":2,"minecraft:chest":16,"minecraft:shield":63,"minecraft:iron_sword":84,"minecraft:cooked_chicken":4,"minecraft:rotten_flesh":2,"minecraft:orange_bed":20,"minecraft:torch":111,"minecraft:dirt":253,"minecraft:bow":37,"minecraft:furnace":18,"minecraft:egg":8,"minecraft:cooked_beef":56,"minecraft:cobbled_deepslate":11,"minecraft:cooked_mutton":3,"minecraft:water_bucket":12,"minecraft:wheat_seeds":664,"minecraft:stone_pickaxe":1709,"minecraft:oak_planks":12,"minecraft:wooden_pickaxe":6,"minecraft:sandstone":1,"minecraft:crafting_table":20,"minecraft:white_bed":14,"minecraft:wooden_hoe":259,"sophisticatedbackpacks:backpack":3,"minecraft:apple":3,"minecraft:acacia_sign":2,"minecraft:stone_button":1,"minecraft:bread":45,"minecraft:melon_slice":9,"minecraft:iron_pickaxe":502,"minecraft:stone_axe":212,"minecraft:cobblestone":138,"minecraft:wooden_sword":27,"minecraft:cooked_porkchop":4,"minecraft:andesite":1,"minecraft:bucket":12,"minecraft:oak_boat":15},"minecraft:killed_by":{"sackman:sackman":3,"minecraft:creeper":1,"minecraft:enderman":3,"minecraft:drowned":1,"sanitydim:rotting_stalker":4,"mimicer:mimicer":7,"thehorrid:horrid_hunter":3,"man:managgresive":2,"sanitydim:sneaking_terror":3,"minecraft:skeleton":3,"minecraft:zombie":2,"cave_dweller:cave_dweller":1,"assimilator:assimilator":7},"minecraft:crafted":{"minecraft:black_dye":1,"minecraft:wooden_sword":3,"minecraft:oak_planks":184,"minecraft:stone_shovel":2,"minecraft:leather_boots":1,"minecraft:furnace":17,"minecraft:stone":64,"minecraft:cooked_mutton":10,"minecraft:stone_pickaxe":17,"minecraft:chest":18,"minecraft:copper_block":15,"sophisticatedbackpacks:iron_backpack":1,"minecraft:wheat":72,"minecraft:cooked_beef":67,"minecraft:crafting_table":10,"minecraft:wooden_pickaxe":1,"minecraft:iron_sword":2,"minecraft:copper_ingot":425,"minecraft:leather_helmet":1,"minecraft:bucket":1,"minecraft:stone_axe":4,"minecraft:bread":190,"minecraft:air":0,"minecraft:oak_boat":4,"minecraft:iron_chestplate":2,"minecraft:wooden_hoe":8,"minecraft:charcoal":26,"minecraft:acacia_sign":3,"minecraft:shield":3,"minecraft:stick":116,"minecraft:iron_ingot":77,"minecraft:iron_pickaxe":2,"minecraft:stone_sword":2,"minecraft:white_bed":2,"minecraft:acacia_planks":160,"minecraft:torch":156},"minecraft:broken":{"minecraft:leather_helmet":1,"minecraft:golden_helmet":1,"minecraft:stone_pickaxe":11,"minecraft:leather_boots":1,"minecraft:stone_axe":1,"minecraft:iron_pickaxe":2,"minecraft:wooden_hoe":4,"minecraft:stone_shovel":1},"minecraft:picked_up":{"minecraft:crafting_table":25,"minecraft:cocoa_beans":10,"minecraft:iron_chestplate":4,"minecraft:wheat":513,"minecraft:chicken":1,"minecraft:wooden_pickaxe":3,"minecraft:oak_stairs":4,"minecraft:shield":15,"minecraft:string":24,"minecraft:raw_copper":715,"minecraft:wooden_sword":2,"tacz:ammo":1720,"minecraft:cobbled_deepslate":53,"minecraft:spruce_planks":1,"minecraft:beef":81,"minecraft:acacia_sign":3,"minecraft:oak_boat":18,"minecraft:poppy":1,"minecraft:iron_pickaxe":5,"minecraft:melon_slice":15,"minecraft:sugar_cane":14,"minecraft:furnace":1,"minecraft:egg":34,"minecraft:golden_helmet":1,"minecraft:stick":32,"minecraft:raw_iron":111,"minecraft:sandstone":16,"minecraft:oak_fence":8,"minecraft:torch":619,"minecraft:acacia_log":81,"minecraft:spruce_stairs":5,"sophisticatedbackpacks:backpack":11,"minecraft:porkchop":7,"minecraft:diorite":308,"minecraft:redstone":18,"minecraft:dark_oak_planks":3,"minecraft:orange_bed":20,"minecraft:stone_sword":22,"minecraft:arrow":118,"minecraft:stone_shovel":19,"minecraft:rotten_flesh":59,"minecraft:hay_block":44,"minecraft:mutton":21,"minecraft:white_wool":6,"minecraft:cobblestone":2110,"minecraft:leather_chestplate":1,"minecraft:lilac":3,"minecraft:clock":8,"minecraft:feather":2,"minecraft:cooked_beef":134,"minecraft:andesite":23,"minecraft:salmon":3,"minecraft:leather":35,"minecraft:brown_wool":2,"minecraft:flint":7,"minecraft:oak_log":116,"minecraft:lily_pad":6,"minecraft:golden_boots":1,"minecraft:gunpowder":63,"minecraft:lapis_lazuli":217,"minecraft:dirt":960,"minecraft:cooked_mutton":44,"minecraft:leather_boots":8,"minecraft:bone":49,"minecraft:acacia_planks":52,"minecraft:apple":3,"minecraft:bow":15,"minecraft:wheat_seeds":1411,"minecraft:raw_gold":4,"minecraft:stone_pickaxe":29,"minecraft:cooked_chicken":4,"minecraft:bamboo":9,"tacz:gun_smith_table":2,"minecraft:iron_sword":5,"minecraft:oak_planks":65,"minecraft:acacia_sapling":1,"minecraft:dark_oak_stairs":1,"minecraft:oak_slab":62,"minecraft:gravel":147,"minecraft:sand":6,"sophisticatedbackpacks:iron_backpack":25,"minecraft:ink_sac":3,"minecraft:white_bed":16,"minecraft:spider_eye":7,"minecraft:leather_helmet":4,"minecraft:stone_axe":21,"tacz:modern_kinetic_gun":15,"minecraft:granite":18,"minecraft:bread":242,"minecraft:melon_seeds":1,"minecraft:oak_sapling":31,"minecraft:brown_banner":1,"minecraft:black_wool":2,"minecraft:coal":540}},"DataVersion":3120}