{"stats":{"minecraft:dropped":{"sophisticatedbackpacks:iron_backpack":2,"minecraft:bread":94,"minecraft:iron_sword":2,"minecraft:wheat_seeds":1,"minecraft:lapis_lazuli":64,"minecraft:cooked_beef":13,"minecraft:oak_fence":4,"minecraft:cobblestone":271,"minecraft:granite":3,"minecraft:coal":20,"minecraft:acacia_log":17,"minecraft:leather_helmet":3,"minecraft:flint":4,"minecraft:acacia_sign":3,"minecraft:dirt":66,"minecraft:diorite":2,"minecraft:torch":14,"minecraft:iron_axe":1,"minecraft:iron_pickaxe":1,"minecraft:string":1,"minecraft:dark_oak_planks":7,"minecraft:acacia_planks":21,"minecraft:gravel":70,"minecraft:stone_axe":4,"minecraft:cooked_chicken":4,"minecraft:stone_sword":3,"minecraft:cobbled_deepslate":9,"minecraft:raw_iron":25,"minecraft:stone_shovel":2,"minecraft:rotten_flesh":1,"sophisticatedbackpacks:backpack":7,"minecraft:oak_fence_gate":2,"minecraft:gunpowder":2,"minecraft:spruce_planks":5,"minecraft:andesite":6,"minecraft:spider_eye":1,"minecraft:bow":2,"minecraft:arrow":6,"minecraft:stone_pickaxe":4,"minecraft:wooden_pickaxe":1},"minecraft:custom":{"minecraft:mob_kills":48,"minecraft:animals_bred":3,"minecraft:interact_with_crafting_table":94,"minecraft:leave_game":7,"minecraft:time_since_death":14962,"minecraft:sprint_one_cm":1294359,"minecraft:walk_one_cm":882005,"minecraft:drop":78,"minecraft:talked_to_villager":1,"minecraft:play_time":387463,"minecraft:sneak_time":58466,"minecraft:deaths":10,"minecraft:walk_under_water_one_cm":8754,"minecraft:boat_one_cm":174490,"minecraft:jump":5266,"minecraft:walk_on_water_one_cm":34243,"minecraft:total_world_time":387463,"minecraft:interact_with_furnace":111,"minecraft:sleep_in_bed":38,"minecraft:time_since_rest":16575,"minecraft:damage_taken":5485,"minecraft:damage_dealt":6467,"minecraft:swim_one_cm":28668,"minecraft:fly_one_cm":1111705,"minecraft:open_chest":144,"minecraft:crouch_one_cm":191443,"minecraft:fall_one_cm":112568},"minecraft:killed":{"minecraft:cave_spider":2,"thehorrid:fakeleech":1,"minecraft:spider":5,"minecraft:skeleton":4,"minecraft:horse":4,"minecraft:chicken":9,"minecraft:pig":4,"minecraft:creeper":5,"minecraft:sheep":8,"minecraft:zombie":4,"minecraft:cow":2},"minecraft:mined":{"minecraft:dark_oak_planks":10,"minecraft:tuff":1,"minecraft:spruce_planks":10,"minecraft:white_bed":3,"minecraft:oak_door":2,"minecraft:granite":13,"minecraft:acacia_log":34,"minecraft:grass_block":862,"minecraft:oxeye_daisy":2,"tacz:gun_smith_table":2,"minecraft:sandstone":8,"minecraft:spawner":2,"minecraft:redstone_ore":9,"minecraft:furnace":5,"minecraft:iron_ore":79,"minecraft:fire":13,"minecraft:cobbled_deepslate":3,"minecraft:andesite":7,"minecraft:pumpkin":2,"minecraft:gold_block":2,"minecraft:dark_oak_stairs":1,"minecraft:pointed_dripstone":1,"minecraft:deepslate_iron_ore":10,"minecraft:rail":3,"minecraft:oak_stairs":5,"minecraft:stone":881,"sophisticatedbackpacks:backpack":2,"minecraft:deepslate_redstone_ore":5,"minecraft:oak_slab":7,"minecraft:acacia_leaves":3,"minecraft:dandelion":13,"minecraft:oak_fence":4,"minecraft:cornflower":2,"minecraft:crafting_table":15,"minecraft:torch":18,"minecraft:poppy":3,"minecraft:copper_ore":92,"minecraft:tall_grass":20,"minecraft:cobblestone":205,"minecraft:deepslate_gold_ore":13,"minecraft:lapis_ore":11,"minecraft:oak_planks":29,"minecraft:sugar_cane":5,"minecraft:wall_torch":24,"minecraft:diorite":30,"minecraft:spruce_stairs":5,"minecraft:spruce_log":2,"minecraft:grass":345,"minecraft:coal_ore":152,"minecraft:oak_log":342,"minecraft:oak_fence_gate":5,"minecraft:gravel":3,"minecraft:dirt":103,"minecraft:sand":1,"minecraft:cobweb":26,"minecraft:stone_bricks":17,"minecraft:gold_ore":9,"minecraft:oak_leaves":27,"minecraft:deepslate":137},"minecraft:used":{"minecraft:oak_fence":30,"minecraft:oak_trapdoor":6,"minecraft:stone_sword":101,"minecraft:stone_shovel":922,"minecraft:poppy":3,"tacz:gun_smith_table":3,"minecraft:spruce_planks":2,"minecraft:cooked_chicken":4,"minecraft:oak_door":2,"minecraft:torch":273,"minecraft:dirt":510,"minecraft:mutton":6,"minecraft:acacia_sapling":6,"minecraft:granite":1,"minecraft:oak_fence_gate":14,"minecraft:iron_axe":4,"minecraft:oak_stairs":34,"minecraft:stone_bricks":149,"minecraft:bamboo":9,"minecraft:oak_sapling":1,"minecraft:furnace":6,"minecraft:gold_block":2,"minecraft:egg":10,"minecraft:cooked_beef":14,"minecraft:cobbled_deepslate":56,"minecraft:cooked_mutton":10,"minecraft:water_bucket":11,"minecraft:diorite":5,"minecraft:oak_planks":336,"minecraft:stone_pickaxe":955,"minecraft:wooden_pickaxe":7,"minecraft:rail":2,"minecraft:oak_slab":125,"minecraft:crafting_table":17,"minecraft:white_bed":9,"minecraft:lightning_rod":1,"minecraft:oak_log":141,"sophisticatedbackpacks:backpack":2,"minecraft:cornflower":1,"minecraft:oxeye_daisy":1,"minecraft:acacia_sign":1,"minecraft:chicken":1,"minecraft:bread":15,"minecraft:iron_pickaxe":754,"minecraft:stone_button":11,"minecraft:gravel":4,"minecraft:stone_axe":506,"minecraft:cobblestone":620,"minecraft:cooked_porkchop":7,"minecraft:bucket":12,"minecraft:oak_boat":10,"minecraft:dandelion":2},"minecraft:killed_by":{"sackman:sackman":1,"sanitydim:rotting_stalker":3,"siren_head:siren_head":1,"man:managgresive":1,"sanitydim:sneaking_terror":1,"assimilator:assimilator":2},"minecraft:crafted":{"minecraft:oak_door":3,"minecraft:oak_planks":660,"minecraft:stone_shovel":9,"minecraft:cooked_chicken":8,"minecraft:lightning_rod":1,"minecraft:furnace":2,"minecraft:stone_button":12,"minecraft:stone":144,"minecraft:raw_copper_block":31,"minecraft:cooked_mutton":10,"minecraft:oak_trapdoor":6,"minecraft:iron_axe":1,"minecraft:stone_pickaxe":7,"minecraft:chest":1,"minecraft:stone_bricks":132,"minecraft:oak_fence":30,"minecraft:wheat":198,"minecraft:cooked_beef":6,"minecraft:oak_slab":180,"sophisticatedbackpacks:backpack":6,"minecraft:cooked_porkchop":9,"minecraft:crafting_table":4,"minecraft:wooden_pickaxe":2,"tacz:gun_smith_table":1,"minecraft:copper_ingot":37,"minecraft:bucket":1,"minecraft:stone_axe":4,"minecraft:bread":64,"minecraft:air":0,"minecraft:blue_dye":1,"minecraft:oak_fence_gate":9,"minecraft:oak_boat":2,"minecraft:yellow_dye":6,"minecraft:acacia_sign":3,"minecraft:shield":1,"minecraft:stick":156,"minecraft:iron_ingot":28,"minecraft:iron_pickaxe":3,"minecraft:oak_stairs":40,"minecraft:iron_block":1,"minecraft:stone_sword":2,"minecraft:light_gray_dye":1,"minecraft:white_bed":2,"minecraft:acacia_planks":68,"minecraft:torch":244},"minecraft:broken":{"minecraft:stone_sword":1,"minecraft:stone_pickaxe":6,"minecraft:stone_axe":3,"minecraft:iron_pickaxe":3,"minecraft:stone_shovel":6},"minecraft:picked_up":{"minecraft:cocoa_beans":10,"minecraft:charcoal":4,"minecraft:crafting_table":24,"minecraft:chicken":9,"minecraft:oak_stairs":5,"minecraft:gold_block":2,"minecraft:shield":1,"minecraft:cornflower":2,"minecraft:string":53,"minecraft:raw_copper":539,"minecraft:iron_axe":1,"minecraft:cobbled_deepslate":170,"minecraft:spruce_planks":7,"minecraft:acacia_sign":1,"minecraft:beef":12,"minecraft:oak_boat":12,"minecraft:poppy":6,"minecraft:iron_pickaxe":2,"minecraft:sugar_cane":41,"minecraft:chest":3,"minecraft:furnace":6,"minecraft:egg":20,"minecraft:stick":32,"minecraft:raw_iron":117,"minecraft:oak_door":2,"minecraft:copper_ingot":45,"minecraft:oak_fence":11,"minecraft:torch":164,"minecraft:acacia_log":34,"sophisticatedbackpacks:backpack":11,"minecraft:porkchop":6,"minecraft:diorite":31,"minecraft:redstone":62,"minecraft:dark_oak_planks":7,"minecraft:stone_sword":9,"minecraft:arrow":18,"minecraft:stone_shovel":2,"minecraft:rotten_flesh":10,"minecraft:mutton":26,"minecraft:rail":3,"minecraft:white_wool":7,"minecraft:cobblestone":1434,"minecraft:oxeye_daisy":2,"minecraft:feather":24,"minecraft:cooked_beef":51,"minecraft:andesite":11,"minecraft:leather":21,"minecraft:yellow_dye":4,"minecraft:potato":5,"minecraft:flint":4,"minecraft:tuff":1,"minecraft:light_gray_dye":1,"minecraft:oak_log":851,"minecraft:gunpowder":15,"minecraft:lapis_lazuli":198,"minecraft:dirt":1412,"minecraft:cooked_mutton":4,"minecraft:bone":24,"minecraft:acacia_planks":13,"minecraft:apple":1,"minecraft:stone_bricks":17,"minecraft:bow":2,"minecraft:wheat_seeds":53,"minecraft:raw_gold":26,"minecraft:iron_ingot":5,"minecraft:oak_fence_gate":7,"minecraft:stone_pickaxe":12,"tacz:gun_smith_table":2,"minecraft:iron_sword":2,"minecraft:oak_planks":208,"minecraft:acacia_sapling":6,"minecraft:oak_slab":22,"minecraft:cooked_porkchop":23,"minecraft:pumpkin":6,"minecraft:dandelion":13,"minecraft:gravel":77,"sophisticatedbackpacks:iron_backpack":2,"minecraft:white_bed":7,"minecraft:spruce_log":2,"minecraft:spider_eye":5,"minecraft:leather_helmet":4,"minecraft:stone_axe":10,"minecraft:granite":16,"minecraft:gray_wool":3,"minecraft:bread":72,"minecraft:oak_sapling":28,"minecraft:coal":309,"minecraft:ender_pearl":2}},"DataVersion":3120}