{"stats":{"minecraft:mined":{"minecraft:dark_oak_planks":10,"minecraft:spruce_planks":10,"minecraft:white_bed":11,"minecraft:oak_sapling":2,"minecraft:cobblestone_stairs":221,"minecraft:brewing_stand":1,"minecraft:obsidian":14,"minecraft:granite":23,"minecraft:acacia_log":179,"minecraft:grass_block":927,"minecraft:stone_brick_wall":10,"sophisticatedbackpacks:iron_backpack":9,"minecraft:yellow_carpet":9,"tacz:gun_smith_table":6,"minecraft:oxeye_daisy":2,"minecraft:chiseled_stone_bricks":6,"minecraft:spawner":2,"cozy_home:plank_oak_3":3,"handcrafted:oak_corner_trim":5,"handcrafted:oak_shelf_1":3,"minecraft:iron_ore":144,"minecraft:cobbled_deepslate":48,"minecraft:fire":27,"minecraft:pumpkin":2,"minecraft:deepslate_lapis_ore":8,"minecraft:dark_oak_stairs":1,"minecraft:pointed_dripstone":2,"minecraft:water_cauldron":2,"minecraft:oak_stairs":92,"cfm:oak_kitchen_counter":6,"minecraft:orange_bed":3,"minecraft:deepslate_redstone_ore":98,"minecraft:red_bed":1,"minecraft:smoker":2,"minecraft:clay":34,"minecraft:torch":60,"minecraft:calcite":69,"minecraft:poppy":8,"minecraft:melon":18,"minecraft:chest":1,"handcrafted:oak_drawer_1":4,"minecraft:cobblestone":803,"minecraft:oak_planks":97,"minecraft:grindstone":1,"minecraft:sugar_cane":16,"cozy_home:lamp_white":2,"minecraft:wall_torch":86,"minecraft:deepslate_copper_ore":92,"minecraft:seagrass":1,"minecraft:wheat":748,"minecraft:stone_brick_stairs":46,"minecraft:grass":479,"minecraft:oak_log":772,"minecraft:oak_fence_gate":5,"minecraft:sand":65,"minecraft:dirt":492,"minecraft:smooth_basalt":10,"minecraft:raw_copper_block":2,"minecraft:stonecutter":2,"minecraft:oak_leaves":193,"minecraft:deepslate":235,"cozy_home:table_oak_single":4,"handcrafted:wood_plate":1,"minecraft:tuff":1,"minecraft:deepslate_diamond_ore":9,"minecraft:oak_door":2,"handcrafted:white_cushion":5,"minecraft:cartography_table":2,"minecraft:sandstone":8,"minecraft:hay_block":44,"minecraft:redstone_ore":17,"minecraft:furnace":16,"cfm:oak_table":8,"minecraft:andesite":20,"minecraft:gold_block":2,"cfm:oak_upgraded_fence":10,"minecraft:potatoes":1,"minecraft:deepslate_iron_ore":92,"minecraft:rail":3,"cfm:white_sofa":4,"minecraft:bamboo":18,"minecraft:stone":1637,"sophisticatedbackpacks:backpack":3,"minecraft:redstone_wall_torch":2,"cfm:oak_cabinet":9,"minecraft:oak_slab":23,"minecraft:acacia_leaves":15,"cozy_home:table_stump_oak_double":2,"minecraft:stone_brick_slab":23,"minecraft:dandelion":89,"minecraft:oak_fence":42,"minecraft:crafting_table":17,"minecraft:cornflower":2,"cozy_home:oak_planked_wall":3,"cozy_home:oak_planked_wall_middle":1,"handcrafted:oak_fancy_bed":1,"handcrafted:acacia_table":3,"minecraft:copper_ore":211,"minecraft:tall_grass":34,"minecraft:lapis_ore":19,"minecraft:deepslate_gold_ore":30,"cozy_home:table_stump_oak_single":4,"minecraft:diorite":73,"handcrafted:oak_pillar_trim":1,"minecraft:spruce_stairs":5,"cfm:oak_chair":4,"minecraft:redstone_torch":3,"minecraft:white_carpet":10,"minecraft:spruce_log":2,"minecraft:birch_leaves":1,"minecraft:mangrove_leaves":1,"minecraft:yellow_bed":1,"cozy_home:plank_oak_0":8,"cozy_home:oak_planked_wall_top":2,"handcrafted:acacia_dining_bench":2,"minecraft:coal_ore":404,"minecraft:gravel":35,"minecraft:dripstone_block":3,"minecraft:cobweb":26,"minecraft:stone_bricks":221,"minecraft:gold_ore":16,"cfm:oak_bedside_cabinet":2},"minecraft:killed_by":{"sackman:sackman":7,"minecraft:creeper":3,"sanitydim:rotting_stalker":4,"mimicer:mimicer":24,"siren_head:siren_head":1,"man:managgresive":4,"sanitydim:sneaking_terror":2,"minecraft:zombie":2,"minecraft:player":1,"minecraft:enderman":2,"thehorrid:horrid_hunter":1,"minecraft:skeleton":1,"assimilator:assimilator":9,"cave_dweller:cave_dweller":1},"minecraft:crafted":{"minecraft:black_dye":1,"minecraft:yellow_wool":3,"minecraft:oak_planks":1764,"minecraft:cooked_chicken":8,"minecraft:lightning_rod":1,"minecraft:stone":924,"minecraft:cobblestone_stairs":24,"sophisticatedbackpacks:crafting_upgrade":2,"minecraft:cooked_mutton":10,"minecraft:stone_brick_slab":162,"cfm:white_sofa":6,"minecraft:chest":5,"cfm:oak_kitchen_counter":16,"minecraft:chiseled_stone_bricks":56,"handcrafted:acacia_couch":9,"minecraft:stone_bricks":916,"minecraft:oak_fence":78,"minecraft:smoker":6,"minecraft:item_frame":1,"minecraft:oak_slab":186,"sophisticatedbackpacks:backpack":6,"minecraft:cooked_porkchop":9,"minecraft:crafting_table":10,"minecraft:wooden_pickaxe":2,"cozy_home:table_oak_single":1,"cfm:oak_mail_box":1,"minecraft:clock":1,"cozy_home:table_stump_oak_single":4,"minecraft:copper_ingot":268,"sophisticatedbackpacks:upgrade_base":3,"minecraft:stone_brick_stairs":84,"minecraft:book":1,"minecraft:yellow_dye":80,"minecraft:shield":3,"minecraft:stick":348,"minecraft:iron_ingot":50,"minecraft:iron_pickaxe":6,"minecraft:iron_block":4,"minecraft:stone_sword":2,"minecraft:light_gray_dye":1,"cozy_home:plank_oak_0":24,"minecraft:oak_door":6,"minecraft:stone_shovel":10,"handcrafted:oak_fancy_bed":2,"minecraft:stone_brick_wall":108,"handcrafted:oak_shelf":2,"minecraft:iron_nugget":9,"cozy_home:lamp_white":2,"minecraft:furnace":8,"minecraft:stone_button":12,"minecraft:yellow_bed":1,"minecraft:bone_meal":3,"minecraft:raw_copper_block":31,"minecraft:oak_trapdoor":12,"minecraft:glass_pane":16,"minecraft:terracotta":16,"handcrafted:acacia_table":2,"minecraft:lantern":3,"minecraft:iron_axe":1,"handcrafted:white_sheet":8,"minecraft:stone_pickaxe":12,"cfm:oak_table":12,"cfm:oak_crate":2,"minecraft:redstone_block":11,"sophisticatedbackpacks:iron_backpack":1,"minecraft:wheat":675,"cfm:door_mat":1,"minecraft:cooked_beef":6,"minecraft:enchanting_table":1,"handcrafted:white_cushion":8,"minecraft:yellow_carpet":36,"minecraft:iron_sword":1,"tacz:gun_smith_table":1,"sophisticatedbackpacks:gold_backpack":1,"minecraft:bucket":2,"minecraft:stone_axe":7,"cfm:oak_kitchen_drawer":4,"minecraft:bread":405,"minecraft:air":0,"minecraft:blue_dye":1,"minecraft:oak_boat":2,"minecraft:oak_fence_gate":9,"cfm:oak_desk":4,"minecraft:acacia_sign":3,"minecraft:white_dye":3,"sophisticatedbackpacks:stonecutter_upgrade":1,"cozy_home:grandfather_clock_oak_bottom":1,"minecraft:oak_stairs":40,"cfm:oak_bedside_cabinet":2,"minecraft:anvil":1,"minecraft:white_bed":3,"cfm:oak_upgraded_fence":12,"cfm:oak_chair":4,"minecraft:acacia_planks":200,"minecraft:torch":484,"minecraft:clay":16,"minecraft:brick":32},"minecraft:custom":{"minecraft:animals_bred":3,"minecraft:interact_with_crafting_table":183,"minecraft:open_barrel":14,"minecraft:leave_game":31,"minecraft:time_since_death":21404,"minecraft:sprint_one_cm":5551312,"minecraft:damage_blocked_by_shield":8015,"minecraft:drop":261,"minecraft:talked_to_villager":7,"minecraft:play_time":1547277,"minecraft:deaths":75,"minecraft:jump":21047,"minecraft:walk_on_water_one_cm":92087,"minecraft:interact_with_furnace":252,"minecraft:sleep_in_bed":268,"minecraft:damage_dealt":25061,"minecraft:player_kills":1,"minecraft:crouch_one_cm":1047652,"tombstone:undead_killed":76,"minecraft:interact_with_smoker":3,"minecraft:interact_with_anvil":3,"minecraft:mob_kills":278,"minecraft:climb_one_cm":623,"minecraft:walk_one_cm":3119578,"minecraft:damage_dealt_absorbed":241,"minecraft:sneak_time":302973,"minecraft:walk_under_water_one_cm":50929,"minecraft:boat_one_cm":193236,"minecraft:total_world_time":1547277,"tombstone:raider_killed":4,"minecraft:pot_flower":1,"minecraft:interact_with_stonecutter":2,"minecraft:time_since_rest":14417,"minecraft:damage_taken":31378,"minecraft:swim_one_cm":94676,"minecraft:fly_one_cm":4234482,"minecraft:open_chest":659,"minecraft:fall_one_cm":487441},"minecraft:killed":{"minecraft:cave_spider":2,"thehorrid:fakeleech":15,"minecraft:spider":18,"minecraft:skeleton":55,"minecraft:chicken":19,"minecraft:pig":4,"minecraft:creeper":52,"minecraft:sheep":8,"minecraft:trader_llama":3,"minecraft:pillager":4,"minecraft:zombie":53,"apollyon:the_damned":1,"minecraft:cow":10,"minecraft:horse":4,"mimicer:mimicer":5,"minecraft:drowned":1,"thehorrid:fleshleech":4,"minecraft:wandering_trader":1,"assimilator:assimilator":1,"sackman:sackman":2,"minecraft:enderman":2},"minecraft:broken":{"minecraft:iron_boots":1,"minecraft:iron_chestplate":1,"minecraft:iron_leggings":1,"minecraft:stone_pickaxe":21,"minecraft:stone_axe":9,"minecraft:iron_sword":1,"minecraft:stone_shovel":9,"minecraft:stone_sword":1,"minecraft:shield":1,"minecraft:iron_axe":1,"minecraft:iron_pickaxe":7,"minecraft:iron_helmet":1},"minecraft:dropped":{"sophisticatedbackpacks:iron_backpack":2,"minecraft:iron_sword":3,"minecraft:lapis_lazuli":64,"minecraft:cooked_beef":13,"minecraft:oak_log":79,"minecraft:leather_helmet":3,"minecraft:flint":4,"minecraft:cobblestone_stairs":1,"minecraft:dirt":66,"minecraft:iron_pickaxe":1,"minecraft:dark_oak_planks":7,"minecraft:bone":3,"minecraft:gravel":79,"minecraft:stone_axe":5,"minecraft:sugar_cane":9,"minecraft:cooked_chicken":4,"minecraft:cobbled_deepslate":9,"minecraft:wheat":1,"minecraft:rotten_flesh":24,"minecraft:oak_planks":54,"minecraft:white_bed":2,"minecraft:chainmail_chestplate":1,"minecraft:oak_fence_gate":2,"minecraft:gunpowder":94,"minecraft:acacia_sapling":1,"securitycraft:camera_monitor":1,"minecraft:arrow":7,"minecraft:cartography_table":1,"minecraft:egg":4,"tacz:attachment":1,"minecraft:iron_ingot":1,"minecraft:golden_boots":1,"minecraft:bread":117,"minecraft:oak_slab":28,"minecraft:wheat_seeds":923,"minecraft:oak_fence":5,"minecraft:cobblestone":468,"minecraft:granite":7,"minecraft:acacia_log":17,"minecraft:coal":20,"minecraft:stick":9,"minecraft:acacia_sign":3,"minecraft:diorite":6,"minecraft:torch":23,"minecraft:oak_stairs":24,"tacz:modern_kinetic_gun":1,"minecraft:iron_axe":1,"sophisticatedbackpacks:crafting_upgrade":1,"minecraft:chainmail_leggings":1,"minecraft:string":1,"minecraft:acacia_planks":44,"minecraft:dandelion":2,"minecraft:smooth_basalt":1,"minecraft:stone_sword":3,"cozy_home:table_oak_single":1,"minecraft:stone_shovel":2,"minecraft:raw_iron":25,"sophisticatedbackpacks:backpack":7,"minecraft:acacia_leaves":1,"minecraft:glass_pane":16,"minecraft:stone":39,"minecraft:spruce_planks":5,"minecraft:iron_chestplate":2,"minecraft:andesite":7,"minecraft:golden_leggings":1,"minecraft:oak_sapling":4,"minecraft:spider_eye":3,"minecraft:wooden_pickaxe":1,"minecraft:bow":4,"minecraft:stone_pickaxe":4},"minecraft:used":{"cfm:oak_mail_box":1,"minecraft:iron_shovel":66,"sophisticatedbackpacks:copper_backpack":1,"minecraft:poppy":3,"minecraft:chest":6,"minecraft:shield":106,"minecraft:iron_sword":289,"handcrafted:oak_shelf":4,"minecraft:iron_chestplate":5,"minecraft:mutton":6,"cozy_home:oak_planked_wall":14,"cfm:oak_desk":4,"minecraft:acacia_sapling":6,"cfm:door_mat":1,"minecraft:lava_bucket":1,"minecraft:grass_block":1,"minecraft:birch_sapling":1,"minecraft:stone_brick_stairs":275,"minecraft:stone_bricks":957,"minecraft:item_frame":2,"minecraft:bow":6,"minecraft:hay_block":1,"minecraft:oak_sapling":13,"minecraft:furnace":21,"minecraft:gold_block":2,"minecraft:egg":12,"handcrafted:wood_plate":4,"minecraft:potato":6,"cozy_home:plank_oak_0":23,"cozy_home:lamp_white":5,"minecraft:diorite":357,"minecraft:oak_planks":1948,"minecraft:stone_pickaxe":2840,"minecraft:wooden_pickaxe":7,"handcrafted:acacia_couch":12,"cfm:oak_kitchen_drawer":4,"handcrafted:oak_corner_trim":9,"minecraft:stone_brick_wall":126,"minecraft:dripstone_block":3,"minecraft:shears":7,"minecraft:lightning_rod":1,"cfm:oak_chair":8,"cfm:oak_kitchen_counter":16,"minecraft:redstone_torch":4,"sophisticatedbackpacks:backpack":3,"minecraft:bread":274,"minecraft:stone_button":12,"cfm:oak_upgraded_fence":20,"tombstone:grave_key":1,"cozy_home:grandfather_clock_oak_bottom":1,"minecraft:gravel":4,"handcrafted:white_cushion":7,"handcrafted:oak_fancy_bed":3,"minecraft:andesite":6,"minecraft:oak_boat":14,"handcrafted:acacia_table":5,"minecraft:oak_fence":125,"minecraft:oak_trapdoor":12,"sophisticatedbackpacks:iron_backpack":14,"minecraft:enchanting_table":1,"minecraft:stone_sword":101,"minecraft:acacia_log":7,"minecraft:stone_shovel":1295,"tacz:gun_smith_table":6,"minecraft:spruce_planks":2,"minecraft:cooked_chicken":4,"minecraft:oak_door":3,"minecraft:orange_bed":6,"minecraft:torch":848,"minecraft:dirt":1083,"minecraft:anvil":1,"minecraft:white_carpet":95,"minecraft:yellow_carpet":76,"minecraft:golden_shovel":1,"minecraft:granite":9,"minecraft:oak_fence_gate":14,"minecraft:stone_brick_slab":145,"cfm:oak_table":19,"cfm:oak_bedside_cabinet":3,"cfm:oak_crate":2,"handcrafted:acacia_dining_bench":4,"minecraft:iron_axe":256,"minecraft:oak_stairs":156,"minecraft:smooth_basalt":7,"minecraft:bamboo":9,"cozy_home:table_stump_oak_single":8,"cozy_home:table_oak_single":4,"tombstone:gift":10,"minecraft:acacia_planks":3,"minecraft:pointed_dripstone":4,"minecraft:cooked_beef":25,"minecraft:cobbled_deepslate":201,"minecraft:wheat_seeds":817,"minecraft:cooked_mutton":10,"minecraft:water_bucket":187,"minecraft:cobblestone_stairs":1323,"minecraft:bundle":1,"minecraft:stonecutter":1,"cfm:oak_cabinet":15,"minecraft:rail":2,"minecraft:oak_slab":133,"minecraft:crafting_table":24,"minecraft:white_bed":149,"minecraft:smoker":8,"tombstone:bag_of_seeds":2,"minecraft:oak_log":615,"minecraft:flower_pot":1,"minecraft:diamond_pickaxe":16,"minecraft:cornflower":1,"minecraft:apple":1,"minecraft:oxeye_daisy":1,"minecraft:acacia_sign":1,"cfm:white_sofa":10,"minecraft:chicken":1,"handcrafted:oak_drawer":6,"minecraft:iron_pickaxe":1818,"minecraft:stone_axe":1225,"minecraft:chiseled_stone_bricks":73,"handcrafted:oak_pillar_trim":5,"minecraft:cobblestone":2407,"minecraft:cooked_porkchop":7,"minecraft:bucket":190,"minecraft:yellow_bed":1,"minecraft:dandelion":3},"minecraft:picked_up":{"handcrafted:wood_plate":1,"minecraft:iron_chestplate":8,"minecraft:wheat":689,"minecraft:lead":7,"minecraft:oak_stairs":118,"handcrafted:oak_corner_trim":5,"minecraft:wither_rose":1,"minecraft:stone_brick_stairs":57,"minecraft:brewing_stand":1,"minecraft:string":66,"minecraft:raw_copper":1265,"cfm:oak_kitchen_counter":6,"handcrafted:oak_pillar_trim":1,"minecraft:cobbled_deepslate":311,"cfm:oak_bedside_cabinet":2,"minecraft:spruce_planks":7,"minecraft:acacia_sign":1,"cozy_home:table_stump_oak_single":6,"minecraft:redstone_torch":4,"minecraft:calcite":69,"minecraft:iron_pickaxe":2,"handcrafted:acacia_dining_bench":2,"minecraft:melon_slice":89,"minecraft:furnace":17,"minecraft:golden_helmet":1,"minecraft:stick":135,"minecraft:oak_fence":119,"minecraft:torch":417,"minecraft:acacia_log":177,"securitycraft:camera_monitor":1,"minecraft:porkchop":6,"tacz:attachment":2,"minecraft:pointed_dripstone":4,"tombstone:grave_dust":6,"minecraft:diorite":723,"minecraft:cauldron":2,"minecraft:orange_bed":7,"minecraft:stone_sword":10,"minecraft:rotten_flesh":82,"minecraft:obsidian":14,"minecraft:cobblestone":6513,"minecraft:feather":34,"minecraft:cooked_beef":62,"minecraft:water_bucket":3,"minecraft:andesite":22,"minecraft:acacia_leaves":1,"minecraft:brown_wool":2,"minecraft:golden_leggings":2,"minecraft:copper_block":15,"cfm:oak_table":8,"minecraft:smoker":2,"minecraft:potato":10,"minecraft:flint":9,"minecraft:tuff":1,"minecraft:light_gray_dye":1,"minecraft:lapis_lazuli":304,"minecraft:dirt":2045,"minecraft:lantern":1,"cozy_home:table_oak_single":5,"minecraft:name_tag":1,"handcrafted:acacia_board":64,"minecraft:bone":61,"minecraft:acacia_planks":20,"minecraft:stonecutter":2,"minecraft:bow":6,"minecraft:wheat_seeds":1985,"minecraft:raw_gold":50,"minecraft:bamboo":162,"tacz:gun_smith_table":5,"minecraft:oak_planks":439,"minecraft:cooked_porkchop":23,"minecraft:sand":64,"cfm:oak_upgraded_fence":10,"sophisticatedbackpacks:iron_backpack":22,"minecraft:grass_block":1,"minecraft:bundle":2,"minecraft:yellow_carpet":10,"minecraft:diamond":9,"handcrafted:acacia_table":3,"minecraft:granite":28,"minecraft:golden_apple":1,"minecraft:bread":198,"minecraft:oak_sapling":77,"minecraft:charcoal":4,"sophisticatedbackpacks:gold_backpack":1,"minecraft:cocoa_beans":10,"minecraft:crafting_table":27,"minecraft:chicken":19,"minecraft:clay_ball":124,"minecraft:stone_brick_wall":276,"minecraft:gold_block":2,"minecraft:shield":9,"minecraft:cornflower":2,"minecraft:red_bed":1,"minecraft:iron_axe":1,"minecraft:white_carpet":11,"tacz:ammo":278,"minecraft:cartography_table":2,"minecraft:beef":26,"handcrafted:oak_shelf":3,"minecraft:oak_boat":16,"cozy_home:lamp_white":2,"minecraft:poppy":11,"minecraft:chest":4,"minecraft:sugar_cane":76,"minecraft:birch_sapling":1,"minecraft:raw_copper_block":2,"minecraft:egg":27,"cfm:white_sofa":4,"minecraft:raw_iron":263,"minecraft:oak_door":2,"minecraft:copper_ingot":70,"sophisticatedbackpacks:backpack":14,"minecraft:stone_button":9,"minecraft:carrot":1,"minecraft:redstone":506,"minecraft:dark_oak_planks":7,"minecraft:arrow":64,"minecraft:stone_shovel":6,"minecraft:hay_block":45,"minecraft:gold_ingot":2,"sophisticatedbackpacks:copper_backpack":1,"minecraft:mutton":26,"minecraft:rail":3,"minecraft:white_wool":150,"minecraft:oxeye_daisy":2,"minecraft:clock":1,"cfm:oak_cabinet":9,"minecraft:leather":31,"minecraft:yellow_dye":4,"cfm:oak_chair":4,"cozy_home:oak_planked_wall":6,"minecraft:oak_log":2343,"minecraft:chainmail_chestplate":1,"minecraft:golden_boots":1,"minecraft:yellow_bed":1,"minecraft:gunpowder":75,"minecraft:cobblestone_stairs":339,"minecraft:cooked_mutton":4,"handcrafted:oak_drawer":4,"minecraft:apple":7,"minecraft:stone_bricks":404,"cozy_home:plank_oak_0":20,"minecraft:iron_ingot":18,"minecraft:oak_fence_gate":7,"minecraft:stone_pickaxe":18,"tombstone:bag_of_seeds":1,"handcrafted:oak_board":32,"handcrafted:white_cushion":5,"minecraft:iron_sword":10,"minecraft:acacia_sapling":9,"minecraft:oak_slab":38,"handcrafted:oak_fancy_bed":1,"minecraft:smooth_basalt":8,"minecraft:pumpkin":6,"minecraft:chiseled_stone_bricks":62,"minecraft:stone_brick_slab":342,"minecraft:dandelion":91,"minecraft:dripstone_block":3,"minecraft:gravel":112,"minecraft:white_bed":149,"minecraft:spruce_log":2,"minecraft:spider_eye":9,"minecraft:leather_helmet":4,"minecraft:stone_axe":19,"tacz:modern_kinetic_gun":10,"minecraft:chainmail_leggings":1,"minecraft:gray_wool":3,"tombstone:magic_scroll":3,"minecraft:coal":669,"minecraft:ender_pearl":4}},"DataVersion":3120}