{"stats":{"minecraft:custom":{"minecraft:mob_kills":41,"minecraft:animals_bred":3,"minecraft:interact_with_crafting_table":41,"minecraft:leave_game":4,"minecraft:time_since_death":4079,"minecraft:sprint_one_cm":548372,"minecraft:walk_one_cm":308102,"minecraft:drop":25,"minecraft:play_time":145743,"minecraft:deaths":6,"minecraft:sneak_time":15781,"minecraft:walk_under_water_one_cm":4948,"minecraft:boat_one_cm":163698,"minecraft:jump":2334,"minecraft:walk_on_water_one_cm":19697,"minecraft:total_world_time":145743,"minecraft:interact_with_furnace":24,"minecraft:sleep_in_bed":23,"minecraft:time_since_rest":2559,"minecraft:damage_taken":2862,"minecraft:damage_dealt":5343,"minecraft:swim_one_cm":23704,"minecraft:fly_one_cm":621477,"minecraft:open_chest":29,"minecraft:crouch_one_cm":40931,"minecraft:fall_one_cm":42386},"minecraft:picked_up":{"minecraft:charcoal":4,"minecraft:crafting_table":17,"minecraft:chicken":9,"minecraft:gold_block":2,"minecraft:cornflower":1,"minecraft:string":26,"minecraft:raw_copper":291,"minecraft:spruce_planks":7,"minecraft:beef":12,"minecraft:oak_boat":8,"minecraft:poppy":2,"minecraft:chest":3,"minecraft:sugar_cane":33,"minecraft:egg":19,"minecraft:stick":29,"minecraft:raw_iron":12,"minecraft:copper_ingot":32,"minecraft:oak_fence":7,"minecraft:torch":52,"sophisticatedbackpacks:backpack":7,"minecraft:porkchop":6,"minecraft:diorite":2,"minecraft:dark_oak_planks":7,"minecraft:stone_sword":6,"minecraft:arrow":11,"minecraft:rotten_flesh":10,"minecraft:mutton":26,"minecraft:white_wool":7,"minecraft:cobblestone":435,"minecraft:oxeye_daisy":2,"minecraft:feather":24,"minecraft:cooked_beef":51,"minecraft:leather":21,"minecraft:yellow_dye":4,"minecraft:potato":4,"minecraft:light_gray_dye":1,"minecraft:oak_log":743,"minecraft:gunpowder":11,"minecraft:lapis_lazuli":72,"minecraft:dirt":798,"minecraft:cooked_mutton":4,"minecraft:bone":18,"minecraft:wheat_seeds":42,"minecraft:iron_ingot":2,"minecraft:stone_pickaxe":8,"minecraft:oak_fence_gate":4,"minecraft:oak_planks":179,"minecraft:oak_slab":20,"minecraft:cooked_porkchop":15,"minecraft:pumpkin":6,"minecraft:dandelion":11,"minecraft:white_bed":6,"minecraft:spruce_log":2,"minecraft:spider_eye":4,"minecraft:stone_axe":7,"minecraft:granite":1,"minecraft:gray_wool":3,"minecraft:oak_sapling":27,"minecraft:coal":143,"minecraft:ender_pearl":2},"minecraft:crafted":{"minecraft:oak_planks":224,"minecraft:stone_shovel":3,"minecraft:cooked_chicken":8,"minecraft:furnace":1,"minecraft:cooked_mutton":3,"minecraft:stone_pickaxe":3,"minecraft:chest":1,"minecraft:oak_fence":15,"minecraft:oak_slab":42,"sophisticatedbackpacks:backpack":6,"minecraft:cooked_porkchop":9,"minecraft:crafting_table":3,"minecraft:wooden_pickaxe":1,"minecraft:stone_axe":3,"minecraft:air":0,"minecraft:blue_dye":1,"minecraft:oak_fence_gate":5,"minecraft:oak_boat":2,"minecraft:yellow_dye":6,"minecraft:stick":52,"minecraft:iron_ingot":3,"minecraft:iron_pickaxe":1,"minecraft:stone_sword":1,"minecraft:light_gray_dye":1,"minecraft:white_bed":2,"minecraft:torch":28},"minecraft:killed":{"minecraft:spider":4,"minecraft:skeleton":2,"minecraft:horse":4,"minecraft:chicken":9,"minecraft:pig":4,"minecraft:creeper":4,"minecraft:sheep":8,"minecraft:zombie":4,"minecraft:cow":2},"minecraft:mined":{"minecraft:dark_oak_planks":10,"minecraft:spruce_planks":10,"minecraft:white_bed":2,"minecraft:granite":1,"minecraft:grass_block":396,"minecraft:oxeye_daisy":2,"minecraft:sandstone":8,"minecraft:iron_ore":12,"minecraft:fire":13,"minecraft:pumpkin":2,"minecraft:gold_block":2,"minecraft:dark_oak_stairs":1,"minecraft:stone":116,"sophisticatedbackpacks:backpack":1,"minecraft:oak_slab":5,"minecraft:dandelion":11,"minecraft:oak_fence":3,"minecraft:crafting_table":8,"minecraft:cornflower":1,"minecraft:torch":7,"minecraft:poppy":1,"minecraft:tall_grass":20,"minecraft:copper_ore":22,"minecraft:cobblestone":57,"minecraft:lapis_ore":6,"minecraft:sugar_cane":5,"minecraft:wall_torch":3,"minecraft:spruce_stairs":5,"minecraft:spruce_log":2,"minecraft:grass":268,"minecraft:oak_log":285,"minecraft:coal_ore":38,"minecraft:oak_fence_gate":2,"minecraft:sand":1,"minecraft:dirt":21,"minecraft:oak_leaves":20},"minecraft:killed_by":{"sanitydim:rotting_stalker":2,"siren_head:siren_head":1,"man:managgresive":1,"sanitydim:sneaking_terror":1,"assimilator:assimilator":1},"minecraft:broken":{"minecraft:stone_pickaxe":2,"minecraft:stone_axe":2,"minecraft:stone_shovel":3},"minecraft:used":{"minecraft:oak_fence":18,"minecraft:stone_sword":59,"minecraft:stone_shovel":394,"minecraft:poppy":1,"minecraft:spruce_planks":2,"minecraft:cooked_chicken":4,"minecraft:torch":35,"minecraft:dirt":283,"minecraft:mutton":6,"minecraft:granite":1,"minecraft:oak_fence_gate":7,"minecraft:furnace":1,"minecraft:egg":9,"minecraft:cooked_beef":7,"minecraft:cooked_mutton":3,"minecraft:stone_pickaxe":270,"minecraft:wooden_pickaxe":3,"minecraft:oak_slab":47,"minecraft:crafting_table":9,"minecraft:white_bed":7,"sophisticatedbackpacks:backpack":1,"minecraft:oxeye_daisy":1,"minecraft:chicken":1,"minecraft:iron_pickaxe":2,"minecraft:stone_axe":368,"minecraft:cobblestone":116,"minecraft:cooked_porkchop":3,"minecraft:oak_boat":7},"minecraft:dropped":{"minecraft:cobblestone":61,"minecraft:dirt":66,"minecraft:torch":14,"minecraft:dark_oak_planks":7,"minecraft:string":1,"minecraft:stone_axe":2,"minecraft:cooked_chicken":4,"minecraft:stone_sword":1,"minecraft:rotten_flesh":1,"sophisticatedbackpacks:backpack":5,"minecraft:oak_fence_gate":2,"minecraft:gunpowder":2,"minecraft:spruce_planks":5,"minecraft:wooden_pickaxe":1,"minecraft:stone_pickaxe":2}},"DataVersion":3120}