{"stats":{"minecraft:custom":{"minecraft:mob_kills":41,"minecraft:animals_bred":3,"minecraft:interact_with_crafting_table":45,"minecraft:leave_game":4,"minecraft:time_since_death":6461,"minecraft:sprint_one_cm":609778,"minecraft:walk_one_cm":349104,"minecraft:drop":26,"minecraft:play_time":161467,"minecraft:deaths":7,"minecraft:sneak_time":18041,"minecraft:walk_under_water_one_cm":5236,"minecraft:boat_one_cm":163698,"minecraft:jump":2661,"minecraft:walk_on_water_one_cm":21238,"minecraft:total_world_time":161467,"minecraft:interact_with_furnace":24,"minecraft:sleep_in_bed":24,"minecraft:time_since_rest":6494,"minecraft:damage_taken":3142,"minecraft:damage_dealt":5343,"minecraft:swim_one_cm":24143,"minecraft:fly_one_cm":692773,"minecraft:open_chest":44,"minecraft:crouch_one_cm":49472,"minecraft:fall_one_cm":52784},"minecraft:picked_up":{"minecraft:charcoal":4,"minecraft:crafting_table":17,"minecraft:chicken":9,"minecraft:gold_block":2,"minecraft:cornflower":1,"minecraft:string":26,"minecraft:raw_copper":291,"minecraft:spruce_planks":7,"minecraft:beef":12,"minecraft:oak_boat":9,"minecraft:poppy":2,"minecraft:iron_pickaxe":1,"minecraft:chest":3,"minecraft:sugar_cane":33,"minecraft:egg":19,"minecraft:stick":29,"minecraft:raw_iron":12,"minecraft:copper_ingot":45,"minecraft:oak_fence":7,"minecraft:torch":63,"sophisticatedbackpacks:backpack":8,"minecraft:porkchop":6,"minecraft:diorite":2,"minecraft:dark_oak_planks":7,"minecraft:stone_sword":7,"minecraft:arrow":12,"minecraft:rotten_flesh":10,"minecraft:mutton":26,"minecraft:white_wool":7,"minecraft:cobblestone":506,"minecraft:oxeye_daisy":2,"minecraft:feather":24,"minecraft:cooked_beef":51,"minecraft:leather":21,"minecraft:yellow_dye":4,"minecraft:potato":5,"minecraft:light_gray_dye":1,"minecraft:oak_log":796,"minecraft:gunpowder":11,"minecraft:lapis_lazuli":72,"minecraft:dirt":953,"minecraft:cooked_mutton":4,"minecraft:bone":24,"minecraft:wheat_seeds":42,"minecraft:stone_pickaxe":10,"minecraft:oak_fence_gate":4,"minecraft:iron_ingot":2,"minecraft:oak_planks":179,"minecraft:oak_slab":20,"minecraft:cooked_porkchop":23,"minecraft:pumpkin":6,"minecraft:dandelion":11,"minecraft:white_bed":6,"minecraft:spruce_log":2,"minecraft:spider_eye":4,"minecraft:stone_axe":8,"minecraft:granite":1,"minecraft:gray_wool":3,"minecraft:oak_sapling":27,"minecraft:coal":153,"minecraft:ender_pearl":2},"minecraft:crafted":{"minecraft:oak_planks":224,"minecraft:stone_shovel":4,"minecraft:cooked_chicken":8,"minecraft:lightning_rod":1,"minecraft:furnace":1,"minecraft:cooked_mutton":3,"minecraft:stone_pickaxe":3,"minecraft:chest":1,"minecraft:oak_fence":15,"minecraft:oak_slab":48,"sophisticatedbackpacks:backpack":6,"minecraft:cooked_porkchop":9,"minecraft:crafting_table":3,"minecraft:wooden_pickaxe":1,"minecraft:stone_axe":3,"minecraft:air":0,"minecraft:blue_dye":1,"minecraft:oak_fence_gate":5,"minecraft:oak_boat":2,"minecraft:yellow_dye":6,"minecraft:stick":52,"minecraft:iron_ingot":3,"minecraft:iron_pickaxe":1,"minecraft:stone_sword":1,"minecraft:light_gray_dye":1,"minecraft:white_bed":2,"minecraft:torch":28},"minecraft:killed":{"minecraft:spider":4,"minecraft:skeleton":2,"minecraft:horse":4,"minecraft:chicken":9,"minecraft:pig":4,"minecraft:creeper":4,"minecraft:sheep":8,"minecraft:zombie":4,"minecraft:cow":2},"minecraft:mined":{"minecraft:dark_oak_planks":10,"minecraft:spruce_planks":10,"minecraft:white_bed":2,"minecraft:granite":1,"minecraft:grass_block":470,"minecraft:oxeye_daisy":2,"minecraft:sandstone":8,"minecraft:iron_ore":12,"minecraft:fire":13,"minecraft:pumpkin":2,"minecraft:gold_block":2,"minecraft:dark_oak_stairs":1,"minecraft:stone":187,"sophisticatedbackpacks:backpack":1,"minecraft:oak_slab":5,"minecraft:dandelion":11,"minecraft:oak_fence":3,"minecraft:crafting_table":8,"minecraft:cornflower":1,"minecraft:torch":7,"minecraft:poppy":1,"minecraft:tall_grass":20,"minecraft:copper_ore":22,"minecraft:cobblestone":57,"minecraft:lapis_ore":6,"minecraft:sugar_cane":5,"minecraft:wall_torch":3,"minecraft:spruce_stairs":5,"minecraft:spruce_log":2,"minecraft:grass":269,"minecraft:oak_log":286,"minecraft:coal_ore":48,"minecraft:oak_fence_gate":2,"minecraft:sand":1,"minecraft:dirt":28,"minecraft:oak_leaves":20},"minecraft:killed_by":{"sanitydim:rotting_stalker":2,"siren_head:siren_head":1,"man:managgresive":1,"sanitydim:sneaking_terror":1,"assimilator:assimilator":1},"minecraft:broken":{"minecraft:stone_pickaxe":2,"minecraft:stone_axe":2,"minecraft:stone_shovel":3},"minecraft:used":{"minecraft:oak_fence":18,"minecraft:stone_sword":59,"minecraft:stone_shovel":472,"minecraft:poppy":1,"minecraft:spruce_planks":2,"minecraft:cooked_chicken":4,"minecraft:torch":35,"minecraft:dirt":295,"minecraft:mutton":6,"minecraft:granite":1,"minecraft:oak_fence_gate":7,"minecraft:furnace":1,"minecraft:gold_block":2,"minecraft:egg":9,"minecraft:cooked_beef":8,"minecraft:cooked_mutton":3,"minecraft:stone_pickaxe":351,"minecraft:wooden_pickaxe":3,"minecraft:oak_slab":50,"minecraft:crafting_table":9,"minecraft:white_bed":7,"minecraft:lightning_rod":1,"minecraft:oak_log":13,"sophisticatedbackpacks:backpack":1,"minecraft:oxeye_daisy":1,"minecraft:chicken":1,"minecraft:iron_pickaxe":2,"minecraft:stone_axe":369,"minecraft:cobblestone":116,"minecraft:cooked_porkchop":3,"minecraft:oak_boat":7},"minecraft:dropped":{"minecraft:cooked_beef":13,"minecraft:cobblestone":61,"minecraft:dirt":66,"minecraft:torch":14,"minecraft:dark_oak_planks":7,"minecraft:string":1,"minecraft:stone_axe":2,"minecraft:cooked_chicken":4,"minecraft:stone_sword":1,"minecraft:rotten_flesh":1,"sophisticatedbackpacks:backpack":5,"minecraft:oak_fence_gate":2,"minecraft:gunpowder":2,"minecraft:spruce_planks":5,"minecraft:wooden_pickaxe":1,"minecraft:stone_pickaxe":2}},"DataVersion":3120}