{"stats":{"minecraft:broken":{"minecraft:stone_pickaxe":21,"minecraft:stone_axe":9,"minecraft:iron_sword":1,"minecraft:stone_shovel":9,"minecraft:stone_sword":1,"minecraft:shield":1,"minecraft:iron_pickaxe":5},"minecraft:picked_up":{"minecraft:iron_chestplate":8,"minecraft:wheat":689,"minecraft:lead":7,"minecraft:oak_stairs":118,"minecraft:stone_brick_stairs":57,"minecraft:brewing_stand":1,"minecraft:string":64,"minecraft:raw_copper":1265,"cfm:oak_kitchen_counter":6,"minecraft:cobbled_deepslate":311,"cfm:oak_bedside_cabinet":2,"minecraft:spruce_planks":7,"minecraft:acacia_sign":1,"minecraft:redstone_torch":4,"minecraft:calcite":69,"minecraft:iron_pickaxe":2,"minecraft:melon_slice":89,"minecraft:furnace":17,"minecraft:golden_helmet":1,"minecraft:stick":115,"minecraft:oak_fence":117,"minecraft:torch":383,"minecraft:acacia_log":34,"securitycraft:camera_monitor":1,"minecraft:porkchop":6,"tacz:attachment":2,"minecraft:pointed_dripstone":4,"tombstone:grave_dust":5,"minecraft:diorite":718,"minecraft:cauldron":2,"minecraft:orange_bed":6,"minecraft:stone_sword":10,"minecraft:rotten_flesh":76,"minecraft:cobblestone":6261,"minecraft:feather":24,"minecraft:cooked_beef":62,"minecraft:water_bucket":3,"minecraft:andesite":20,"minecraft:brown_wool":2,"minecraft:golden_leggings":2,"minecraft:copper_block":15,"cfm:oak_table":8,"minecraft:smoker":2,"minecraft:potato":5,"minecraft:flint":9,"minecraft:tuff":1,"minecraft:light_gray_dye":1,"minecraft:lapis_lazuli":304,"minecraft:dirt":2008,"minecraft:name_tag":1,"minecraft:bone":54,"minecraft:acacia_planks":13,"minecraft:bow":6,"minecraft:wheat_seeds":1982,"minecraft:raw_gold":50,"minecraft:bamboo":125,"tacz:gun_smith_table":5,"minecraft:oak_planks":417,"minecraft:cooked_porkchop":23,"minecraft:sand":64,"cfm:oak_upgraded_fence":10,"sophisticatedbackpacks:iron_backpack":21,"minecraft:grass_block":1,"minecraft:bundle":1,"minecraft:diamond":9,"minecraft:granite":28,"minecraft:golden_apple":1,"minecraft:bread":175,"minecraft:oak_sapling":74,"minecraft:charcoal":4,"sophisticatedbackpacks:gold_backpack":1,"minecraft:cocoa_beans":10,"minecraft:crafting_table":27,"minecraft:chicken":9,"minecraft:stone_brick_wall":276,"minecraft:gold_block":2,"minecraft:shield":9,"minecraft:cornflower":2,"minecraft:iron_axe":1,"tacz:ammo":276,"minecraft:beef":26,"minecraft:oak_boat":16,"minecraft:poppy":6,"minecraft:chest":4,"minecraft:sugar_cane":58,"minecraft:birch_sapling":1,"minecraft:raw_copper_block":2,"minecraft:egg":24,"cfm:white_sofa":4,"minecraft:raw_iron":247,"minecraft:oak_door":2,"minecraft:copper_ingot":70,"sophisticatedbackpacks:backpack":14,"minecraft:stone_button":9,"minecraft:carrot":1,"minecraft:redstone":506,"minecraft:dark_oak_planks":7,"minecraft:arrow":54,"minecraft:stone_shovel":6,"minecraft:hay_block":45,"minecraft:gold_ingot":2,"sophisticatedbackpacks:copper_backpack":1,"minecraft:mutton":26,"minecraft:white_wool":92,"minecraft:rail":3,"minecraft:oxeye_daisy":2,"cfm:oak_cabinet":9,"minecraft:leather":31,"minecraft:yellow_dye":4,"cfm:oak_chair":4,"minecraft:oak_log":2271,"minecraft:chainmail_chestplate":1,"minecraft:golden_boots":1,"minecraft:gunpowder":58,"minecraft:cobblestone_stairs":339,"minecraft:cooked_mutton":4,"minecraft:apple":5,"minecraft:stone_bricks":403,"minecraft:oak_fence_gate":7,"minecraft:iron_ingot":18,"minecraft:stone_pickaxe":18,"tombstone:bag_of_seeds":1,"minecraft:iron_sword":10,"minecraft:acacia_sapling":6,"minecraft:oak_slab":37,"minecraft:smooth_basalt":8,"minecraft:pumpkin":6,"minecraft:chiseled_stone_bricks":62,"minecraft:stone_brick_slab":342,"minecraft:dandelion":17,"minecraft:dripstone_block":3,"minecraft:gravel":112,"minecraft:white_bed":138,"minecraft:spruce_log":2,"minecraft:spider_eye":7,"minecraft:leather_helmet":4,"minecraft:stone_axe":19,"tacz:modern_kinetic_gun":8,"minecraft:chainmail_leggings":1,"minecraft:gray_wool":3,"tombstone:magic_scroll":3,"minecraft:coal":525,"minecraft:ender_pearl":3},"minecraft:dropped":{"sophisticatedbackpacks:iron_backpack":2,"minecraft:iron_sword":3,"minecraft:lapis_lazuli":64,"minecraft:cooked_beef":13,"minecraft:oak_log":32,"minecraft:leather_helmet":3,"minecraft:flint":4,"minecraft:cobblestone_stairs":1,"minecraft:dirt":66,"minecraft:iron_pickaxe":1,"minecraft:dark_oak_planks":7,"minecraft:bone":2,"minecraft:gravel":79,"minecraft:stone_axe":5,"minecraft:cooked_chicken":4,"minecraft:cobbled_deepslate":9,"minecraft:wheat":1,"minecraft:rotten_flesh":23,"minecraft:white_bed":2,"minecraft:chainmail_chestplate":1,"minecraft:oak_fence_gate":2,"minecraft:gunpowder":90,"securitycraft:camera_monitor":1,"minecraft:arrow":7,"tacz:attachment":1,"minecraft:egg":1,"minecraft:iron_ingot":1,"minecraft:golden_boots":1,"minecraft:bread":94,"minecraft:wheat_seeds":919,"minecraft:oak_fence":4,"minecraft:cobblestone":404,"minecraft:granite":7,"minecraft:acacia_log":17,"minecraft:coal":20,"minecraft:acacia_sign":3,"minecraft:diorite":3,"minecraft:torch":16,"tacz:modern_kinetic_gun":1,"minecraft:iron_axe":1,"sophisticatedbackpacks:crafting_upgrade":1,"minecraft:chainmail_leggings":1,"minecraft:string":1,"minecraft:acacia_planks":21,"minecraft:smooth_basalt":1,"minecraft:dandelion":2,"minecraft:stone_sword":3,"minecraft:stone_shovel":2,"minecraft:raw_iron":25,"sophisticatedbackpacks:backpack":7,"minecraft:glass_pane":16,"minecraft:spruce_planks":5,"minecraft:iron_chestplate":2,"minecraft:andesite":7,"minecraft:golden_leggings":1,"minecraft:oak_sapling":4,"minecraft:spider_eye":2,"minecraft:bow":4,"minecraft:stone_pickaxe":4,"minecraft:wooden_pickaxe":1},"minecraft:killed_by":{"sackman:sackman":5,"minecraft:creeper":1,"sanitydim:rotting_stalker":4,"mimicer:mimicer":19,"siren_head:siren_head":1,"man:managgresive":4,"sanitydim:sneaking_terror":2,"minecraft:zombie":2,"minecraft:enderman":2,"thehorrid:horrid_hunter":1,"minecraft:skeleton":1,"cave_dweller:cave_dweller":1,"assimilator:assimilator":7},"minecraft:custom":{"minecraft:animals_bred":3,"minecraft:interact_with_crafting_table":164,"minecraft:leave_game":30,"minecraft:time_since_death":11595,"minecraft:sprint_one_cm":4731725,"minecraft:damage_blocked_by_shield":8015,"minecraft:drop":198,"minecraft:talked_to_villager":7,"minecraft:play_time":1344454,"minecraft:deaths":61,"minecraft:jump":17873,"minecraft:walk_on_water_one_cm":68380,"minecraft:interact_with_furnace":206,"minecraft:sleep_in_bed":226,"minecraft:damage_dealt":23227,"minecraft:player_kills":1,"minecraft:crouch_one_cm":989083,"tombstone:undead_killed":54,"minecraft:interact_with_smoker":3,"minecraft:interact_with_anvil":1,"minecraft:mob_kills":218,"minecraft:climb_one_cm":623,"minecraft:walk_one_cm":2735761,"minecraft:damage_dealt_absorbed":161,"minecraft:sneak_time":284547,"minecraft:walk_under_water_one_cm":37676,"minecraft:boat_one_cm":193236,"minecraft:total_world_time":1344454,"minecraft:time_since_rest":10421,"minecraft:damage_taken":26401,"minecraft:swim_one_cm":67735,"minecraft:fly_one_cm":3549992,"minecraft:open_chest":512,"minecraft:fall_one_cm":409099},"minecraft:crafted":{"minecraft:oak_planks":1764,"minecraft:cooked_chicken":8,"minecraft:lightning_rod":1,"minecraft:stone":872,"minecraft:cobblestone_stairs":24,"sophisticatedbackpacks:crafting_upgrade":2,"minecraft:cooked_mutton":10,"minecraft:stone_brick_slab":162,"cfm:white_sofa":4,"minecraft:chest":5,"cfm:oak_kitchen_counter":16,"minecraft:chiseled_stone_bricks":56,"minecraft:stone_bricks":916,"minecraft:oak_fence":78,"minecraft:smoker":6,"minecraft:oak_slab":180,"minecraft:item_frame":1,"sophisticatedbackpacks:backpack":6,"minecraft:cooked_porkchop":9,"minecraft:crafting_table":9,"minecraft:wooden_pickaxe":2,"cfm:oak_mail_box":1,"minecraft:clock":1,"minecraft:copper_ingot":268,"sophisticatedbackpacks:upgrade_base":2,"minecraft:stone_brick_stairs":84,"minecraft:yellow_dye":6,"minecraft:shield":3,"minecraft:stick":332,"minecraft:iron_ingot":31,"minecraft:iron_pickaxe":5,"minecraft:iron_block":4,"minecraft:stone_sword":2,"minecraft:light_gray_dye":1,"minecraft:oak_door":3,"minecraft:stone_shovel":10,"minecraft:stone_brick_wall":108,"minecraft:furnace":8,"minecraft:stone_button":12,"minecraft:yellow_bed":1,"minecraft:raw_copper_block":31,"minecraft:glass_pane":16,"minecraft:oak_trapdoor":12,"minecraft:iron_axe":1,"minecraft:stone_pickaxe":12,"cfm:oak_table":12,"cfm:oak_crate":2,"minecraft:redstone_block":11,"minecraft:wheat":675,"sophisticatedbackpacks:iron_backpack":1,"cfm:door_mat":1,"minecraft:cooked_beef":6,"minecraft:iron_sword":1,"tacz:gun_smith_table":1,"minecraft:bucket":2,"minecraft:stone_axe":7,"cfm:oak_kitchen_drawer":4,"minecraft:bread":405,"minecraft:air":0,"minecraft:blue_dye":1,"minecraft:oak_fence_gate":9,"minecraft:oak_boat":2,"cfm:oak_desk":4,"minecraft:acacia_sign":3,"minecraft:oak_stairs":40,"cfm:oak_bedside_cabinet":2,"minecraft:anvil":1,"minecraft:white_bed":3,"cfm:oak_upgraded_fence":12,"cfm:oak_chair":4,"minecraft:acacia_planks":68,"minecraft:torch":436},"minecraft:mined":{"minecraft:dark_oak_planks":10,"minecraft:spruce_planks":10,"minecraft:white_bed":10,"minecraft:oak_sapling":2,"minecraft:cobblestone_stairs":221,"minecraft:brewing_stand":1,"minecraft:granite":23,"minecraft:acacia_log":34,"minecraft:grass_block":924,"minecraft:stone_brick_wall":10,"sophisticatedbackpacks:iron_backpack":9,"tacz:gun_smith_table":6,"minecraft:oxeye_daisy":2,"minecraft:chiseled_stone_bricks":6,"minecraft:spawner":2,"minecraft:iron_ore":128,"minecraft:cobbled_deepslate":48,"minecraft:fire":27,"minecraft:pumpkin":2,"minecraft:deepslate_lapis_ore":8,"minecraft:dark_oak_stairs":1,"minecraft:pointed_dripstone":2,"minecraft:water_cauldron":2,"minecraft:oak_stairs":92,"cfm:oak_kitchen_counter":6,"minecraft:orange_bed":2,"minecraft:deepslate_redstone_ore":98,"minecraft:smoker":2,"minecraft:torch":50,"minecraft:calcite":69,"minecraft:poppy":3,"minecraft:melon":18,"minecraft:chest":1,"minecraft:cobblestone":770,"minecraft:grindstone":1,"minecraft:sugar_cane":13,"minecraft:oak_planks":91,"minecraft:wall_torch":80,"minecraft:deepslate_copper_ore":92,"minecraft:seagrass":1,"minecraft:wheat":748,"minecraft:stone_brick_stairs":46,"minecraft:grass":467,"minecraft:oak_log":699,"minecraft:oak_fence_gate":5,"minecraft:sand":65,"minecraft:dirt":460,"minecraft:smooth_basalt":10,"minecraft:raw_copper_block":2,"minecraft:oak_leaves":177,"minecraft:deepslate":235,"minecraft:tuff":1,"minecraft:deepslate_diamond_ore":9,"minecraft:oak_door":2,"minecraft:sandstone":8,"minecraft:hay_block":44,"minecraft:redstone_ore":17,"minecraft:furnace":16,"cfm:oak_table":8,"minecraft:andesite":18,"minecraft:gold_block":2,"cfm:oak_upgraded_fence":10,"minecraft:deepslate_iron_ore":92,"minecraft:rail":3,"cfm:white_sofa":4,"minecraft:bamboo":9,"cfm:oak_cabinet":9,"minecraft:stone":1418,"sophisticatedbackpacks:backpack":3,"minecraft:redstone_wall_torch":2,"minecraft:oak_slab":22,"minecraft:acacia_leaves":3,"minecraft:stone_brick_slab":23,"minecraft:dandelion":15,"minecraft:oak_fence":41,"minecraft:crafting_table":17,"minecraft:cornflower":2,"minecraft:tall_grass":31,"minecraft:copper_ore":211,"minecraft:lapis_ore":19,"minecraft:deepslate_gold_ore":30,"minecraft:diorite":68,"minecraft:spruce_stairs":5,"cfm:oak_chair":4,"minecraft:redstone_torch":3,"minecraft:spruce_log":2,"minecraft:birch_leaves":1,"minecraft:mangrove_leaves":1,"minecraft:coal_ore":259,"minecraft:dripstone_block":3,"minecraft:gravel":35,"minecraft:cobweb":26,"minecraft:stone_bricks":220,"cfm:oak_bedside_cabinet":2,"minecraft:gold_ore":16},"minecraft:used":{"cfm:oak_mail_box":1,"minecraft:iron_shovel":3,"sophisticatedbackpacks:copper_backpack":1,"minecraft:poppy":3,"minecraft:chest":6,"minecraft:shield":106,"minecraft:iron_sword":258,"minecraft:iron_chestplate":5,"minecraft:mutton":6,"cfm:oak_desk":4,"minecraft:acacia_sapling":6,"cfm:door_mat":1,"minecraft:lava_bucket":1,"minecraft:birch_sapling":1,"minecraft:grass_block":1,"minecraft:stone_brick_stairs":275,"minecraft:stone_bricks":954,"minecraft:item_frame":2,"minecraft:bow":6,"minecraft:hay_block":1,"minecraft:oak_sapling":13,"minecraft:furnace":17,"minecraft:gold_block":2,"minecraft:egg":12,"minecraft:potato":1,"minecraft:diorite":356,"minecraft:stone_pickaxe":2840,"minecraft:oak_planks":1942,"minecraft:wooden_pickaxe":7,"cfm:oak_kitchen_drawer":4,"minecraft:dripstone_block":3,"minecraft:stone_brick_wall":126,"minecraft:lightning_rod":1,"cfm:oak_chair":8,"cfm:oak_kitchen_counter":16,"minecraft:redstone_torch":4,"sophisticatedbackpacks:backpack":3,"minecraft:bread":225,"minecraft:stone_button":12,"cfm:oak_upgraded_fence":20,"minecraft:gravel":4,"minecraft:andesite":4,"minecraft:oak_boat":14,"minecraft:oak_fence":114,"minecraft:oak_trapdoor":12,"sophisticatedbackpacks:iron_backpack":13,"minecraft:stone_sword":101,"minecraft:stone_shovel":1295,"tacz:gun_smith_table":6,"minecraft:spruce_planks":2,"minecraft:cooked_chicken":4,"minecraft:oak_door":2,"minecraft:orange_bed":6,"minecraft:torch":778,"minecraft:dirt":1043,"minecraft:anvil":1,"minecraft:golden_shovel":1,"minecraft:granite":9,"minecraft:oak_fence_gate":14,"minecraft:stone_brick_slab":145,"cfm:oak_table":19,"cfm:oak_bedside_cabinet":3,"cfm:oak_crate":2,"minecraft:iron_axe":11,"minecraft:oak_stairs":156,"minecraft:smooth_basalt":7,"minecraft:bamboo":9,"tombstone:gift":8,"minecraft:cooked_beef":25,"minecraft:cobbled_deepslate":201,"minecraft:pointed_dripstone":4,"minecraft:wheat_seeds":817,"minecraft:cooked_mutton":10,"minecraft:water_bucket":149,"minecraft:cobblestone_stairs":1323,"cfm:oak_cabinet":15,"minecraft:rail":2,"minecraft:oak_slab":133,"minecraft:crafting_table":23,"minecraft:white_bed":136,"minecraft:smoker":8,"tombstone:bag_of_seeds":2,"minecraft:oak_log":610,"minecraft:cornflower":1,"minecraft:apple":1,"minecraft:oxeye_daisy":1,"minecraft:acacia_sign":1,"cfm:white_sofa":8,"minecraft:chicken":1,"minecraft:iron_pickaxe":1397,"minecraft:stone_axe":1172,"minecraft:chiseled_stone_bricks":72,"minecraft:cobblestone":2300,"minecraft:cooked_porkchop":7,"minecraft:bucket":152,"minecraft:yellow_bed":1,"minecraft:dandelion":3},"minecraft:killed":{"minecraft:cave_spider":2,"thehorrid:fakeleech":13,"minecraft:spider":15,"minecraft:skeleton":41,"minecraft:chicken":9,"minecraft:pig":4,"minecraft:creeper":38,"minecraft:sheep":8,"minecraft:trader_llama":3,"minecraft:zombie":45,"minecraft:cow":10,"minecraft:horse":4,"mimicer:mimicer":5,"minecraft:drowned":1,"thehorrid:fleshleech":4,"minecraft:wandering_trader":1,"sackman:sackman":1,"minecraft:enderman":1}},"DataVersion":3120}