{"stats":{"minecraft:custom":{"minecraft:interact_with_furnace":7,"minecraft:mob_kills":24,"minecraft:animals_bred":1,"minecraft:interact_with_crafting_table":16,"minecraft:leave_game":1,"minecraft:time_since_death":15915,"minecraft:sleep_in_bed":4,"minecraft:time_since_rest":10393,"minecraft:sprint_one_cm":146490,"minecraft:damage_taken":1075,"minecraft:walk_one_cm":89965,"minecraft:drop":4,"minecraft:damage_dealt":3130,"minecraft:swim_one_cm":13347,"minecraft:fly_one_cm":201233,"minecraft:crouch_one_cm":11046,"minecraft:play_time":38024,"minecraft:deaths":3,"minecraft:sneak_time":6032,"minecraft:walk_under_water_one_cm":4154,"minecraft:jump":570,"minecraft:walk_on_water_one_cm":13343,"minecraft:total_world_time":38024,"minecraft:fall_one_cm":8130},"minecraft:picked_up":{"minecraft:crafting_table":10,"minecraft:feather":13,"minecraft:chicken":9,"minecraft:leather":1,"minecraft:potato":3,"minecraft:oak_log":135,"minecraft:gunpowder":7,"minecraft:dirt":2,"minecraft:string":6,"minecraft:raw_copper":62,"minecraft:cooked_mutton":4,"minecraft:bone":6,"minecraft:wheat_seeds":10,"minecraft:oak_fence_gate":4,"minecraft:stone_pickaxe":3,"minecraft:oak_planks":23,"minecraft:egg":7,"minecraft:oak_slab":6,"minecraft:stick":9,"minecraft:pumpkin":6,"minecraft:oak_fence":7,"minecraft:torch":5,"minecraft:white_bed":1,"minecraft:stone_sword":2,"minecraft:arrow":3,"minecraft:rotten_flesh":9,"minecraft:stone_axe":3,"minecraft:gray_wool":1,"minecraft:oak_sapling":11,"minecraft:mutton":12,"minecraft:coal":26,"minecraft:white_wool":4,"minecraft:cobblestone":199},"minecraft:crafted":{"minecraft:oak_planks":104,"minecraft:oak_slab":18,"minecraft:crafting_table":2,"minecraft:cooked_chicken":8,"minecraft:wooden_pickaxe":1,"minecraft:stone_axe":2,"minecraft:cooked_mutton":3,"minecraft:air":0,"minecraft:oak_fence_gate":3,"minecraft:stick":32,"minecraft:stone_pickaxe":2,"minecraft:stone_sword":1,"minecraft:white_bed":1,"minecraft:torch":16,"minecraft:oak_fence":15},"minecraft:killed":{"minecraft:spider":1,"minecraft:creeper":3,"minecraft:sheep":5,"minecraft:horse":2,"minecraft:skeleton":1,"minecraft:zombie":3,"minecraft:chicken":9},"minecraft:mined":{"minecraft:oak_slab":3,"minecraft:white_bed":1,"minecraft:oak_fence":3,"minecraft:crafting_table":5,"minecraft:torch":4,"minecraft:grass_block":1,"minecraft:tall_grass":6,"minecraft:copper_ore":14,"minecraft:cobblestone":31,"minecraft:wall_torch":1,"minecraft:fire":1,"minecraft:pumpkin":2,"minecraft:grass":56,"minecraft:coal_ore":26,"minecraft:oak_log":67,"minecraft:oak_fence_gate":2,"minecraft:stone":66,"minecraft:oak_leaves":8},"minecraft:killed_by":{"man:managgresive":1,"assimilator:assimilator":1,"sanitydim:rotting_stalker":1},"minecraft:broken":{"minecraft:stone_pickaxe":1},"minecraft:used":{"minecraft:oak_fence":17,"minecraft:cooked_mutton":1,"minecraft:stone_sword":22,"minecraft:stone_pickaxe":136,"minecraft:wooden_pickaxe":3,"minecraft:cooked_chicken":2,"minecraft:torch":9,"minecraft:dirt":2,"minecraft:mutton":6,"minecraft:oak_slab":16,"minecraft:crafting_table":4,"minecraft:white_bed":2,"minecraft:oak_fence_gate":5,"minecraft:chicken":1,"minecraft:stone_axe":107,"minecraft:cobblestone":59,"minecraft:egg":5},"minecraft:dropped":{"minecraft:cooked_chicken":4,"minecraft:oak_fence_gate":2,"minecraft:wooden_pickaxe":1}},"DataVersion":3120}