{"stats":{"minecraft:custom":{"minecraft:mob_kills":84,"minecraft:animals_bred":3,"minecraft:interact_with_crafting_table":109,"minecraft:leave_game":10,"minecraft:time_since_death":1147,"minecraft:sprint_one_cm":1682729,"minecraft:walk_one_cm":1258066,"minecraft:damage_blocked_by_shield":665,"minecraft:drop":85,"minecraft:talked_to_villager":1,"minecraft:play_time":543885,"minecraft:sneak_time":86623,"minecraft:deaths":16,"minecraft:walk_under_water_one_cm":9709,"minecraft:boat_one_cm":174490,"minecraft:jump":7037,"minecraft:walk_on_water_one_cm":35030,"minecraft:total_world_time":543885,"minecraft:interact_with_furnace":124,"minecraft:sleep_in_bed":161,"minecraft:time_since_rest":1181,"minecraft:damage_taken":9038,"minecraft:damage_dealt":8895,"minecraft:swim_one_cm":31109,"minecraft:fly_one_cm":1425910,"minecraft:open_chest":226,"minecraft:crouch_one_cm":283689,"minecraft:fall_one_cm":165486},"minecraft:picked_up":{"minecraft:charcoal":4,"minecraft:iron_chestplate":3,"minecraft:cocoa_beans":10,"minecraft:crafting_table":24,"minecraft:wheat":9,"minecraft:chicken":9,"minecraft:oak_stairs":51,"minecraft:stone_brick_wall":3,"minecraft:gold_block":2,"minecraft:stone_brick_stairs":3,"minecraft:shield":4,"minecraft:cornflower":2,"minecraft:string":53,"minecraft:raw_copper":539,"minecraft:iron_axe":1,"tacz:ammo":138,"minecraft:cobbled_deepslate":170,"minecraft:spruce_planks":7,"minecraft:acacia_sign":1,"minecraft:beef":24,"minecraft:oak_boat":12,"minecraft:poppy":6,"minecraft:iron_pickaxe":2,"minecraft:chest":3,"minecraft:sugar_cane":41,"minecraft:birch_sapling":1,"minecraft:furnace":6,"minecraft:egg":22,"minecraft:raw_iron":117,"minecraft:stick":38,"minecraft:oak_door":2,"minecraft:copper_ingot":46,"minecraft:oak_fence":19,"minecraft:torch":166,"minecraft:acacia_log":34,"sophisticatedbackpacks:backpack":14,"minecraft:porkchop":6,"minecraft:stone_button":8,"minecraft:diorite":32,"minecraft:redstone":62,"minecraft:dark_oak_planks":7,"minecraft:stone_sword":10,"minecraft:arrow":32,"minecraft:stone_shovel":2,"minecraft:rotten_flesh":16,"minecraft:mutton":26,"minecraft:white_wool":7,"minecraft:rail":3,"minecraft:cobblestone":1585,"minecraft:oxeye_daisy":2,"minecraft:feather":24,"minecraft:cooked_beef":62,"minecraft:andesite":12,"minecraft:leather":29,"minecraft:yellow_dye":4,"minecraft:copper_block":15,"minecraft:potato":5,"minecraft:flint":6,"minecraft:tuff":1,"minecraft:light_gray_dye":1,"minecraft:oak_log":1103,"minecraft:gunpowder":21,"minecraft:lapis_lazuli":198,"minecraft:dirt":1471,"minecraft:cooked_mutton":4,"minecraft:bone":28,"minecraft:acacia_planks":13,"minecraft:apple":2,"minecraft:stone_bricks":160,"minecraft:bow":3,"minecraft:wheat_seeds":80,"minecraft:raw_gold":26,"minecraft:iron_ingot":17,"minecraft:oak_fence_gate":7,"minecraft:stone_pickaxe":12,"tacz:gun_smith_table":2,"minecraft:iron_sword":3,"minecraft:oak_planks":226,"minecraft:acacia_sapling":6,"minecraft:oak_slab":25,"minecraft:cooked_porkchop":23,"minecraft:pumpkin":6,"minecraft:dandelion":14,"minecraft:gravel":94,"sophisticatedbackpacks:iron_backpack":5,"minecraft:white_bed":124,"minecraft:spruce_log":2,"minecraft:spider_eye":6,"minecraft:leather_helmet":4,"minecraft:stone_axe":12,"tacz:modern_kinetic_gun":1,"minecraft:granite":16,"minecraft:gray_wool":3,"minecraft:bread":77,"minecraft:oak_sapling":43,"minecraft:coal":309,"minecraft:ender_pearl":2},"minecraft:crafted":{"minecraft:oak_door":3,"minecraft:oak_planks":920,"minecraft:stone_shovel":9,"minecraft:stone_brick_wall":12,"minecraft:cooked_chicken":8,"minecraft:lightning_rod":1,"minecraft:furnace":2,"minecraft:stone_button":12,"minecraft:cobblestone_stairs":24,"minecraft:stone":168,"minecraft:raw_copper_block":31,"minecraft:cooked_mutton":10,"minecraft:oak_trapdoor":6,"minecraft:stone_brick_slab":102,"minecraft:iron_axe":1,"minecraft:stone_pickaxe":9,"minecraft:chest":1,"minecraft:stone_bricks":156,"minecraft:oak_fence":30,"sophisticatedbackpacks:iron_backpack":1,"minecraft:wheat":279,"minecraft:cooked_beef":6,"minecraft:oak_slab":180,"sophisticatedbackpacks:backpack":6,"minecraft:cooked_porkchop":9,"minecraft:crafting_table":5,"minecraft:wooden_pickaxe":2,"tacz:gun_smith_table":1,"minecraft:copper_ingot":37,"minecraft:bucket":1,"minecraft:stone_axe":7,"minecraft:bread":96,"minecraft:air":0,"minecraft:blue_dye":1,"minecraft:oak_fence_gate":9,"minecraft:oak_boat":2,"minecraft:stone_brick_stairs":40,"minecraft:yellow_dye":6,"minecraft:acacia_sign":3,"minecraft:shield":1,"minecraft:stick":176,"minecraft:iron_ingot":28,"minecraft:iron_pickaxe":3,"minecraft:oak_stairs":40,"minecraft:iron_block":1,"minecraft:stone_sword":2,"minecraft:light_gray_dye":1,"minecraft:white_bed":2,"minecraft:acacia_planks":68,"minecraft:torch":280},"minecraft:killed":{"minecraft:cave_spider":2,"thehorrid:fakeleech":1,"minecraft:spider":8,"minecraft:horse":4,"minecraft:skeleton":13,"minecraft:chicken":9,"thehorrid:fleshleech":1,"minecraft:pig":4,"minecraft:creeper":12,"minecraft:sheep":8,"minecraft:zombie":9,"minecraft:cow":9},"minecraft:mined":{"minecraft:dark_oak_planks":10,"minecraft:tuff":1,"minecraft:spruce_planks":10,"minecraft:white_bed":5,"minecraft:oak_sapling":2,"minecraft:oak_door":2,"minecraft:granite":13,"minecraft:stone_brick_wall":3,"minecraft:acacia_log":34,"minecraft:grass_block":864,"sophisticatedbackpacks:iron_backpack":3,"minecraft:oxeye_daisy":2,"tacz:gun_smith_table":3,"minecraft:sandstone":8,"minecraft:spawner":2,"minecraft:redstone_ore":9,"minecraft:furnace":5,"minecraft:iron_ore":79,"minecraft:fire":27,"minecraft:cobbled_deepslate":3,"minecraft:andesite":9,"minecraft:pumpkin":2,"minecraft:gold_block":2,"minecraft:dark_oak_stairs":1,"minecraft:pointed_dripstone":1,"minecraft:deepslate_iron_ore":10,"minecraft:rail":3,"minecraft:oak_stairs":51,"minecraft:stone":898,"sophisticatedbackpacks:backpack":3,"minecraft:deepslate_redstone_ore":5,"minecraft:oak_slab":10,"minecraft:acacia_leaves":3,"minecraft:dandelion":14,"minecraft:oak_fence":12,"minecraft:cornflower":2,"minecraft:crafting_table":15,"minecraft:torch":19,"minecraft:poppy":3,"minecraft:copper_ore":92,"minecraft:tall_grass":21,"minecraft:cobblestone":239,"minecraft:deepslate_gold_ore":13,"minecraft:lapis_ore":11,"minecraft:oak_planks":49,"minecraft:sugar_cane":5,"minecraft:wall_torch":25,"minecraft:diorite":31,"minecraft:spruce_stairs":5,"minecraft:wheat":10,"minecraft:spruce_log":2,"minecraft:birch_leaves":1,"minecraft:stone_brick_stairs":3,"minecraft:grass":350,"minecraft:coal_ore":152,"minecraft:oak_log":595,"minecraft:oak_fence_gate":5,"minecraft:gravel":22,"minecraft:dirt":147,"minecraft:sand":1,"minecraft:cobweb":26,"minecraft:stone_bricks":160,"minecraft:gold_ore":9,"minecraft:oak_leaves":36,"minecraft:deepslate":137},"minecraft:killed_by":{"sackman:sackman":1,"sanitydim:rotting_stalker":3,"mimicer:mimicer":1,"siren_head:siren_head":1,"thehorrid:horrid_hunter":1,"man:managgresive":1,"sanitydim:sneaking_terror":1,"minecraft:skeleton":1,"minecraft:zombie":1,"assimilator:assimilator":2},"minecraft:broken":{"minecraft:stone_sword":1,"minecraft:stone_pickaxe":8,"minecraft:stone_axe":6,"minecraft:iron_pickaxe":3,"minecraft:stone_shovel":6},"minecraft:used":{"minecraft:oak_trapdoor":6,"sophisticatedbackpacks:iron_backpack":3,"minecraft:stone_sword":101,"minecraft:stone_shovel":955,"minecraft:poppy":3,"tacz:gun_smith_table":3,"minecraft:spruce_planks":2,"minecraft:shield":16,"minecraft:iron_sword":41,"minecraft:cooked_chicken":4,"minecraft:oak_door":2,"minecraft:iron_chestplate":2,"minecraft:torch":300,"minecraft:dirt":546,"minecraft:mutton":6,"minecraft:granite":1,"minecraft:acacia_sapling":6,"minecraft:oak_fence_gate":14,"minecraft:birch_sapling":1,"minecraft:iron_axe":4,"minecraft:oak_stairs":87,"minecraft:stone_brick_stairs":9,"minecraft:stone_bricks":454,"minecraft:bamboo":9,"minecraft:bow":6,"minecraft:oak_sapling":13,"minecraft:furnace":6,"minecraft:gold_block":2,"minecraft:egg":11,"minecraft:cooked_beef":17,"minecraft:cobbled_deepslate":56,"minecraft:cooked_mutton":10,"minecraft:wheat_seeds":9,"minecraft:water_bucket":11,"minecraft:diorite":9,"minecraft:oak_planks":660,"minecraft:stone_pickaxe":1163,"minecraft:wooden_pickaxe":7,"minecraft:rail":2,"minecraft:oak_slab":125,"minecraft:crafting_table":18,"minecraft:white_bed":124,"minecraft:stone_brick_wall":13,"minecraft:lightning_rod":1,"minecraft:oak_log":228,"minecraft:cornflower":1,"sophisticatedbackpacks:backpack":3,"minecraft:apple":1,"minecraft:oxeye_daisy":1,"minecraft:acacia_sign":1,"minecraft:chicken":1,"minecraft:iron_pickaxe":754,"minecraft:bread":55,"minecraft:stone_button":11,"minecraft:gravel":4,"minecraft:stone_axe":842,"minecraft:cobblestone":955,"minecraft:cooked_porkchop":7,"minecraft:bucket":12,"minecraft:oak_boat":10,"minecraft:dandelion":3,"minecraft:oak_fence":30},"minecraft:dropped":{"sophisticatedbackpacks:iron_backpack":2,"minecraft:bread":94,"minecraft:iron_sword":2,"minecraft:wheat_seeds":1,"minecraft:lapis_lazuli":64,"minecraft:cooked_beef":13,"minecraft:oak_fence":4,"minecraft:cobblestone":271,"minecraft:granite":3,"minecraft:acacia_log":17,"minecraft:coal":20,"minecraft:leather_helmet":3,"minecraft:flint":4,"minecraft:acacia_sign":3,"minecraft:dirt":66,"minecraft:diorite":2,"minecraft:torch":14,"minecraft:iron_axe":1,"minecraft:iron_pickaxe":1,"minecraft:string":1,"minecraft:dark_oak_planks":7,"minecraft:acacia_planks":21,"minecraft:gravel":70,"minecraft:stone_axe":4,"minecraft:cooked_chicken":4,"minecraft:stone_sword":3,"minecraft:cobbled_deepslate":9,"minecraft:raw_iron":25,"minecraft:stone_shovel":2,"minecraft:rotten_flesh":7,"sophisticatedbackpacks:backpack":7,"minecraft:oak_fence_gate":2,"minecraft:gunpowder":4,"minecraft:spruce_planks":5,"minecraft:iron_chestplate":1,"minecraft:andesite":6,"minecraft:spider_eye":2,"minecraft:bow":2,"minecraft:arrow":7,"minecraft:wooden_pickaxe":1,"minecraft:stone_pickaxe":4}},"DataVersion":3120}