{"stats":{"minecraft:broken":{"minecraft:stone_pickaxe":19,"minecraft:stone_axe":8,"minecraft:stone_shovel":8,"minecraft:stone_sword":1,"minecraft:iron_pickaxe":3},"minecraft:picked_up":{"minecraft:iron_chestplate":8,"minecraft:wheat":689,"minecraft:lead":6,"minecraft:oak_stairs":118,"minecraft:stone_brick_stairs":57,"minecraft:string":60,"minecraft:raw_copper":677,"minecraft:cobbled_deepslate":170,"minecraft:spruce_planks":7,"minecraft:acacia_sign":1,"minecraft:iron_pickaxe":2,"minecraft:melon_slice":68,"minecraft:furnace":7,"minecraft:golden_helmet":1,"minecraft:stick":115,"minecraft:oak_fence":117,"minecraft:torch":353,"minecraft:acacia_log":34,"minecraft:porkchop":6,"tombstone:grave_dust":2,"minecraft:diorite":716,"minecraft:orange_bed":4,"minecraft:stone_sword":10,"minecraft:rotten_flesh":34,"minecraft:cobblestone":6164,"minecraft:feather":24,"minecraft:cooked_beef":62,"minecraft:water_bucket":3,"minecraft:andesite":16,"minecraft:brown_wool":2,"minecraft:copper_block":15,"minecraft:potato":5,"minecraft:flint":9,"minecraft:tuff":1,"minecraft:light_gray_dye":1,"minecraft:lapis_lazuli":211,"minecraft:dirt":1995,"minecraft:name_tag":1,"minecraft:bone":44,"minecraft:acacia_planks":13,"minecraft:bow":4,"minecraft:wheat_seeds":1980,"minecraft:raw_gold":26,"minecraft:bamboo":125,"tacz:gun_smith_table":5,"minecraft:oak_planks":416,"minecraft:cooked_porkchop":23,"cfm:oak_upgraded_fence":10,"sophisticatedbackpacks:iron_backpack":20,"minecraft:grass_block":1,"minecraft:granite":19,"minecraft:bread":175,"minecraft:oak_sapling":74,"minecraft:cocoa_beans":10,"sophisticatedbackpacks:gold_backpack":1,"minecraft:charcoal":4,"minecraft:crafting_table":27,"minecraft:chicken":9,"minecraft:stone_brick_wall":276,"minecraft:gold_block":2,"minecraft:shield":9,"minecraft:cornflower":2,"minecraft:iron_axe":1,"tacz:ammo":276,"minecraft:beef":24,"minecraft:oak_boat":16,"minecraft:poppy":6,"minecraft:chest":3,"minecraft:sugar_cane":44,"minecraft:birch_sapling":1,"minecraft:raw_copper_block":2,"minecraft:egg":23,"minecraft:raw_iron":144,"minecraft:oak_door":2,"minecraft:copper_ingot":46,"sophisticatedbackpacks:backpack":14,"minecraft:stone_button":9,"minecraft:carrot":1,"minecraft:redstone":62,"minecraft:dark_oak_planks":7,"minecraft:arrow":44,"minecraft:stone_shovel":6,"minecraft:gold_ingot":2,"minecraft:mutton":26,"minecraft:white_wool":60,"minecraft:rail":3,"minecraft:oxeye_daisy":2,"minecraft:leather":30,"minecraft:yellow_dye":4,"minecraft:oak_log":2271,"minecraft:chainmail_chestplate":1,"minecraft:golden_boots":1,"minecraft:gunpowder":47,"minecraft:cobblestone_stairs":339,"minecraft:cooked_mutton":4,"minecraft:apple":5,"minecraft:stone_bricks":403,"minecraft:oak_fence_gate":7,"minecraft:iron_ingot":17,"minecraft:stone_pickaxe":18,"tombstone:bag_of_seeds":1,"minecraft:iron_sword":10,"minecraft:acacia_sapling":6,"minecraft:oak_slab":32,"minecraft:pumpkin":6,"minecraft:chiseled_stone_bricks":62,"minecraft:stone_brick_slab":342,"minecraft:dandelion":17,"minecraft:gravel":112,"minecraft:white_bed":134,"minecraft:spruce_log":2,"minecraft:spider_eye":6,"minecraft:leather_helmet":4,"minecraft:stone_axe":19,"tacz:modern_kinetic_gun":7,"minecraft:gray_wool":3,"tombstone:magic_scroll":1,"minecraft:coal":380,"minecraft:ender_pearl":3},"minecraft:dropped":{"sophisticatedbackpacks:iron_backpack":2,"minecraft:iron_sword":3,"minecraft:lapis_lazuli":64,"minecraft:cooked_beef":13,"minecraft:oak_log":16,"minecraft:leather_helmet":3,"minecraft:flint":4,"minecraft:cobblestone_stairs":1,"minecraft:dirt":66,"minecraft:iron_pickaxe":1,"minecraft:dark_oak_planks":7,"minecraft:bone":2,"minecraft:gravel":79,"minecraft:stone_axe":5,"minecraft:cooked_chicken":4,"minecraft:cobbled_deepslate":9,"minecraft:wheat":1,"minecraft:rotten_flesh":13,"minecraft:white_bed":1,"minecraft:chainmail_chestplate":1,"minecraft:oak_fence_gate":2,"minecraft:gunpowder":58,"minecraft:arrow":7,"minecraft:egg":1,"minecraft:golden_boots":1,"minecraft:bread":94,"minecraft:wheat_seeds":917,"minecraft:oak_fence":4,"minecraft:cobblestone":404,"minecraft:granite":3,"minecraft:acacia_log":17,"minecraft:coal":20,"minecraft:acacia_sign":3,"minecraft:diorite":2,"minecraft:torch":15,"tacz:modern_kinetic_gun":1,"minecraft:iron_axe":1,"sophisticatedbackpacks:crafting_upgrade":1,"minecraft:string":1,"minecraft:acacia_planks":21,"minecraft:dandelion":2,"minecraft:stone_sword":3,"minecraft:stone_shovel":2,"minecraft:raw_iron":25,"sophisticatedbackpacks:backpack":7,"minecraft:spruce_planks":5,"minecraft:iron_chestplate":1,"minecraft:andesite":7,"minecraft:oak_sapling":4,"minecraft:spider_eye":2,"minecraft:bow":2,"minecraft:stone_pickaxe":4,"minecraft:wooden_pickaxe":1},"minecraft:killed_by":{"sackman:sackman":2,"minecraft:creeper":1,"sanitydim:rotting_stalker":3,"mimicer:mimicer":13,"siren_head:siren_head":1,"man:managgresive":3,"sanitydim:sneaking_terror":1,"minecraft:zombie":2,"minecraft:enderman":2,"thehorrid:horrid_hunter":1,"minecraft:skeleton":1,"assimilator:assimilator":6},"minecraft:custom":{"minecraft:animals_bred":3,"minecraft:interact_with_crafting_table":148,"minecraft:leave_game":29,"minecraft:time_since_death":23232,"minecraft:sprint_one_cm":4117577,"minecraft:damage_blocked_by_shield":3175,"minecraft:drop":146,"minecraft:talked_to_villager":2,"minecraft:play_time":1128732,"minecraft:deaths":46,"minecraft:jump":14797,"minecraft:walk_on_water_one_cm":45872,"minecraft:interact_with_furnace":193,"minecraft:sleep_in_bed":216,"minecraft:damage_dealt":15314,"minecraft:crouch_one_cm":845097,"tombstone:undead_killed":10,"minecraft:mob_kills":149,"minecraft:climb_one_cm":623,"minecraft:walk_one_cm":2429495,"minecraft:sneak_time":239639,"minecraft:walk_under_water_one_cm":14298,"minecraft:boat_one_cm":193236,"minecraft:total_world_time":1128732,"minecraft:time_since_rest":8531,"minecraft:damage_taken":20273,"minecraft:swim_one_cm":48933,"minecraft:fly_one_cm":3007457,"minecraft:open_chest":416,"minecraft:fall_one_cm":317852},"minecraft:crafted":{"minecraft:oak_planks":1636,"minecraft:cooked_chicken":8,"minecraft:lightning_rod":1,"minecraft:stone":872,"minecraft:cobblestone_stairs":24,"sophisticatedbackpacks:crafting_upgrade":2,"minecraft:cooked_mutton":10,"minecraft:stone_brick_slab":162,"cfm:white_sofa":2,"minecraft:chest":4,"minecraft:chiseled_stone_bricks":56,"minecraft:stone_bricks":916,"minecraft:oak_fence":78,"minecraft:oak_slab":180,"minecraft:item_frame":1,"sophisticatedbackpacks:backpack":6,"minecraft:cooked_porkchop":9,"minecraft:crafting_table":7,"minecraft:wooden_pickaxe":2,"cfm:oak_mail_box":1,"minecraft:clock":1,"minecraft:copper_ingot":268,"sophisticatedbackpacks:upgrade_base":2,"minecraft:stone_brick_stairs":84,"minecraft:yellow_dye":6,"minecraft:shield":2,"minecraft:stick":320,"minecraft:iron_ingot":31,"minecraft:iron_pickaxe":3,"minecraft:iron_block":1,"minecraft:stone_sword":2,"minecraft:light_gray_dye":1,"minecraft:oak_door":3,"minecraft:stone_shovel":10,"minecraft:stone_brick_wall":108,"minecraft:furnace":2,"minecraft:stone_button":12,"minecraft:raw_copper_block":31,"minecraft:oak_trapdoor":12,"minecraft:iron_axe":1,"minecraft:stone_pickaxe":12,"minecraft:wheat":279,"sophisticatedbackpacks:iron_backpack":1,"cfm:door_mat":1,"minecraft:cooked_beef":6,"tacz:gun_smith_table":1,"minecraft:bucket":2,"minecraft:stone_axe":7,"minecraft:bread":273,"minecraft:air":0,"minecraft:blue_dye":1,"minecraft:oak_boat":2,"minecraft:oak_fence_gate":9,"cfm:oak_desk":2,"minecraft:acacia_sign":3,"minecraft:oak_stairs":40,"minecraft:white_bed":3,"cfm:oak_upgraded_fence":12,"minecraft:acacia_planks":68,"minecraft:torch":348},"minecraft:mined":{"minecraft:dark_oak_planks":10,"minecraft:spruce_planks":10,"minecraft:white_bed":7,"minecraft:oak_sapling":2,"minecraft:cobblestone_stairs":221,"minecraft:granite":16,"minecraft:acacia_log":34,"minecraft:grass_block":922,"minecraft:stone_brick_wall":10,"sophisticatedbackpacks:iron_backpack":9,"tacz:gun_smith_table":6,"minecraft:oxeye_daisy":2,"minecraft:chiseled_stone_bricks":6,"minecraft:spawner":2,"minecraft:iron_ore":100,"minecraft:cobbled_deepslate":3,"minecraft:fire":27,"minecraft:pumpkin":2,"minecraft:dark_oak_stairs":1,"minecraft:pointed_dripstone":1,"minecraft:oak_stairs":92,"minecraft:orange_bed":1,"minecraft:deepslate_redstone_ore":5,"minecraft:torch":43,"minecraft:poppy":3,"minecraft:melon":14,"minecraft:cobblestone":725,"minecraft:sugar_cane":6,"minecraft:oak_planks":89,"minecraft:wall_torch":64,"minecraft:deepslate_copper_ore":28,"minecraft:wheat":748,"minecraft:stone_brick_stairs":46,"minecraft:grass":463,"minecraft:oak_log":699,"minecraft:oak_fence_gate":5,"minecraft:sand":1,"minecraft:dirt":450,"minecraft:raw_copper_block":2,"minecraft:oak_leaves":177,"minecraft:deepslate":137,"minecraft:tuff":1,"minecraft:oak_door":2,"minecraft:sandstone":8,"minecraft:redstone_ore":9,"minecraft:furnace":6,"minecraft:andesite":14,"minecraft:gold_block":2,"cfm:oak_upgraded_fence":10,"minecraft:deepslate_iron_ore":17,"minecraft:rail":3,"minecraft:bamboo":9,"minecraft:stone":1360,"sophisticatedbackpacks:backpack":3,"minecraft:oak_slab":17,"minecraft:acacia_leaves":3,"minecraft:stone_brick_slab":23,"minecraft:dandelion":15,"minecraft:oak_fence":41,"minecraft:crafting_table":17,"minecraft:cornflower":2,"minecraft:tall_grass":31,"minecraft:copper_ore":105,"minecraft:lapis_ore":13,"minecraft:deepslate_gold_ore":13,"minecraft:diorite":67,"minecraft:spruce_stairs":5,"minecraft:spruce_log":2,"minecraft:birch_leaves":1,"minecraft:mangrove_leaves":1,"minecraft:coal_ore":189,"minecraft:gravel":34,"minecraft:cobweb":26,"minecraft:stone_bricks":220,"minecraft:gold_ore":9},"minecraft:used":{"cfm:oak_mail_box":1,"minecraft:poppy":3,"minecraft:chest":2,"minecraft:shield":41,"minecraft:iron_sword":136,"minecraft:iron_chestplate":5,"minecraft:mutton":6,"cfm:oak_desk":2,"minecraft:acacia_sapling":6,"cfm:door_mat":1,"minecraft:lava_bucket":1,"minecraft:grass_block":1,"minecraft:birch_sapling":1,"minecraft:stone_brick_stairs":275,"minecraft:stone_bricks":954,"minecraft:item_frame":2,"minecraft:bow":6,"minecraft:furnace":7,"minecraft:oak_sapling":13,"minecraft:gold_block":2,"minecraft:egg":11,"minecraft:potato":1,"minecraft:diorite":354,"minecraft:stone_pickaxe":2630,"minecraft:oak_planks":1942,"minecraft:wooden_pickaxe":7,"minecraft:stone_brick_wall":126,"minecraft:lightning_rod":1,"sophisticatedbackpacks:backpack":3,"minecraft:bread":171,"minecraft:stone_button":12,"cfm:oak_upgraded_fence":20,"minecraft:gravel":4,"minecraft:oak_boat":14,"minecraft:oak_fence":114,"minecraft:oak_trapdoor":12,"sophisticatedbackpacks:iron_backpack":12,"minecraft:stone_sword":101,"minecraft:stone_shovel":1238,"tacz:gun_smith_table":6,"minecraft:spruce_planks":2,"minecraft:cooked_chicken":4,"minecraft:oak_door":2,"minecraft:orange_bed":4,"minecraft:torch":613,"minecraft:dirt":1036,"minecraft:golden_shovel":1,"minecraft:granite":1,"minecraft:oak_fence_gate":14,"minecraft:stone_brick_slab":145,"minecraft:iron_axe":4,"minecraft:oak_stairs":150,"minecraft:bamboo":9,"tombstone:gift":4,"minecraft:cooked_beef":25,"minecraft:cobbled_deepslate":56,"minecraft:wheat_seeds":817,"minecraft:cooked_mutton":10,"minecraft:water_bucket":110,"minecraft:cobblestone_stairs":1323,"minecraft:rail":2,"minecraft:oak_slab":125,"minecraft:crafting_table":20,"minecraft:white_bed":135,"minecraft:oak_log":610,"tombstone:bag_of_seeds":2,"minecraft:cornflower":1,"minecraft:apple":1,"minecraft:oxeye_daisy":1,"minecraft:acacia_sign":1,"cfm:white_sofa":2,"minecraft:chicken":1,"minecraft:iron_pickaxe":754,"minecraft:stone_axe":1111,"minecraft:chiseled_stone_bricks":72,"minecraft:cobblestone":2203,"minecraft:cooked_porkchop":7,"minecraft:bucket":113,"minecraft:dandelion":3},"minecraft:killed":{"minecraft:cave_spider":2,"thehorrid:fakeleech":13,"minecraft:spider":11,"minecraft:skeleton":26,"minecraft:chicken":9,"minecraft:pig":4,"minecraft:creeper":26,"minecraft:sheep":8,"minecraft:trader_llama":2,"minecraft:zombie":17,"minecraft:cow":9,"minecraft:horse":4,"mimicer:mimicer":3,"thehorrid:fleshleech":4,"minecraft:wandering_trader":1,"minecraft:enderman":1}},"DataVersion":3120}