{"stats":{"minecraft:custom":{"minecraft:interact_with_furnace":11,"minecraft:mob_kills":30,"minecraft:animals_bred":3,"minecraft:interact_with_crafting_table":19,"minecraft:leave_game":2,"minecraft:time_since_death":47304,"minecraft:sleep_in_bed":8,"minecraft:time_since_rest":778,"minecraft:sprint_one_cm":273656,"minecraft:damage_taken":1085,"minecraft:walk_one_cm":143950,"minecraft:drop":9,"minecraft:damage_dealt":3730,"minecraft:swim_one_cm":18942,"minecraft:fly_one_cm":340830,"minecraft:open_chest":4,"minecraft:crouch_one_cm":18259,"minecraft:play_time":69413,"minecraft:deaths":3,"minecraft:sneak_time":8941,"minecraft:walk_under_water_one_cm":4776,"minecraft:boat_one_cm":28205,"minecraft:jump":1084,"minecraft:walk_on_water_one_cm":16905,"minecraft:total_world_time":69413,"minecraft:fall_one_cm":14079},"minecraft:picked_up":{"minecraft:charcoal":2,"minecraft:crafting_table":13,"minecraft:cooked_beef":17,"minecraft:feather":13,"minecraft:chicken":9,"minecraft:leather":12,"minecraft:potato":3,"minecraft:oak_log":506,"minecraft:gunpowder":7,"minecraft:dirt":130,"minecraft:lapis_lazuli":36,"minecraft:string":8,"minecraft:raw_copper":90,"minecraft:cooked_mutton":4,"minecraft:bone":10,"minecraft:wheat_seeds":10,"minecraft:spruce_planks":7,"minecraft:beef":6,"minecraft:oak_fence_gate":4,"minecraft:stone_pickaxe":5,"minecraft:oak_boat":4,"minecraft:chest":1,"minecraft:sugar_cane":24,"minecraft:oak_planks":41,"minecraft:egg":11,"minecraft:oak_slab":13,"minecraft:stick":19,"minecraft:cooked_porkchop":7,"minecraft:pumpkin":6,"minecraft:copper_ingot":16,"minecraft:oak_fence":7,"minecraft:torch":12,"minecraft:dandelion":6,"minecraft:porkchop":6,"minecraft:white_bed":3,"minecraft:spruce_log":2,"minecraft:dark_oak_planks":7,"minecraft:stone_sword":3,"minecraft:arrow":4,"minecraft:rotten_flesh":10,"minecraft:stone_axe":4,"minecraft:gray_wool":2,"minecraft:oak_sapling":17,"minecraft:mutton":13,"minecraft:coal":50,"minecraft:white_wool":4,"minecraft:cobblestone":387,"minecraft:ender_pearl":1},"minecraft:crafted":{"minecraft:oak_slab":18,"minecraft:oak_planks":108,"minecraft:cooked_porkchop":6,"minecraft:crafting_table":2,"minecraft:wooden_pickaxe":1,"minecraft:cooked_chicken":8,"minecraft:stone_axe":3,"minecraft:cooked_mutton":3,"minecraft:air":0,"minecraft:oak_fence_gate":3,"minecraft:oak_boat":1,"minecraft:stick":36,"minecraft:stone_pickaxe":2,"minecraft:stone_sword":1,"minecraft:chest":1,"minecraft:white_bed":1,"minecraft:torch":16,"minecraft:oak_fence":15},"minecraft:killed":{"minecraft:pig":4,"minecraft:spider":1,"minecraft:creeper":3,"minecraft:horse":2,"minecraft:sheep":5,"minecraft:skeleton":1,"minecraft:zombie":3,"minecraft:chicken":9,"minecraft:cow":2},"minecraft:mined":{"minecraft:dark_oak_planks":10,"minecraft:oak_slab":4,"minecraft:white_bed":1,"minecraft:spruce_planks":10,"minecraft:dandelion":6,"minecraft:oak_fence":3,"minecraft:crafting_table":6,"minecraft:torch":7,"minecraft:grass_block":1,"minecraft:copper_ore":22,"minecraft:tall_grass":6,"minecraft:cobblestone":54,"minecraft:lapis_ore":6,"minecraft:sugar_cane":5,"minecraft:sandstone":8,"minecraft:wall_torch":1,"minecraft:spruce_stairs":5,"minecraft:fire":1,"minecraft:spruce_log":2,"minecraft:pumpkin":2,"minecraft:dark_oak_stairs":1,"minecraft:grass":62,"minecraft:oak_log":264,"minecraft:coal_ore":27,"minecraft:oak_fence_gate":2,"minecraft:sand":1,"minecraft:stone":110,"minecraft:oak_leaves":20},"minecraft:killed_by":{"man:managgresive":1,"assimilator:assimilator":1,"sanitydim:rotting_stalker":1},"minecraft:broken":{"minecraft:stone_pickaxe":1,"minecraft:stone_axe":2},"minecraft:used":{"minecraft:oak_fence":18,"minecraft:cooked_mutton":3,"minecraft:stone_sword":34,"minecraft:stone_pickaxe":227,"minecraft:spruce_planks":2,"minecraft:wooden_pickaxe":3,"minecraft:cooked_chicken":4,"minecraft:torch":18,"minecraft:dirt":2,"minecraft:mutton":6,"minecraft:oak_slab":16,"minecraft:crafting_table":6,"minecraft:white_bed":4,"minecraft:oak_fence_gate":5,"minecraft:chicken":1,"minecraft:stone_axe":339,"minecraft:cobblestone":94,"minecraft:cooked_porkchop":1,"minecraft:oak_boat":3,"minecraft:egg":9},"minecraft:dropped":{"minecraft:cooked_chicken":4,"minecraft:cobblestone":61,"minecraft:rotten_flesh":1,"minecraft:oak_fence_gate":2,"minecraft:spruce_planks":5,"minecraft:stone_pickaxe":1,"minecraft:wooden_pickaxe":1,"minecraft:dark_oak_planks":7}},"DataVersion":3120}