{"stats":{"minecraft:broken":{"minecraft:stone_pickaxe":18,"minecraft:stone_axe":8,"minecraft:stone_shovel":8,"minecraft:stone_sword":1,"minecraft:iron_pickaxe":3},"minecraft:picked_up":{"minecraft:iron_chestplate":8,"minecraft:wheat":689,"minecraft:lead":6,"minecraft:oak_stairs":118,"minecraft:stone_brick_stairs":57,"minecraft:string":60,"minecraft:raw_copper":539,"minecraft:cobbled_deepslate":170,"minecraft:spruce_planks":7,"minecraft:acacia_sign":1,"minecraft:iron_pickaxe":2,"minecraft:melon_slice":68,"minecraft:furnace":7,"minecraft:golden_helmet":1,"minecraft:stick":115,"minecraft:oak_fence":117,"minecraft:torch":342,"minecraft:acacia_log":34,"minecraft:porkchop":6,"tombstone:grave_dust":2,"minecraft:diorite":713,"minecraft:orange_bed":4,"minecraft:stone_sword":10,"minecraft:rotten_flesh":34,"minecraft:cobblestone":6092,"minecraft:feather":24,"minecraft:cooked_beef":62,"minecraft:water_bucket":3,"minecraft:andesite":16,"minecraft:brown_wool":2,"minecraft:copper_block":15,"minecraft:potato":5,"minecraft:flint":9,"minecraft:tuff":1,"minecraft:light_gray_dye":1,"minecraft:lapis_lazuli":198,"minecraft:dirt":1991,"minecraft:name_tag":1,"minecraft:bone":43,"minecraft:acacia_planks":13,"minecraft:bow":3,"minecraft:wheat_seeds":1980,"minecraft:raw_gold":26,"minecraft:bamboo":125,"tacz:gun_smith_table":5,"minecraft:oak_planks":416,"minecraft:cooked_porkchop":23,"cfm:oak_upgraded_fence":10,"sophisticatedbackpacks:iron_backpack":20,"minecraft:grass_block":1,"minecraft:granite":16,"minecraft:bread":175,"minecraft:oak_sapling":74,"minecraft:cocoa_beans":10,"sophisticatedbackpacks:gold_backpack":1,"minecraft:charcoal":4,"minecraft:crafting_table":26,"minecraft:chicken":9,"minecraft:stone_brick_wall":276,"minecraft:gold_block":2,"minecraft:shield":9,"minecraft:cornflower":2,"minecraft:iron_axe":1,"tacz:ammo":250,"minecraft:beef":24,"minecraft:oak_boat":16,"minecraft:poppy":6,"minecraft:chest":3,"minecraft:sugar_cane":44,"minecraft:birch_sapling":1,"minecraft:egg":23,"minecraft:raw_iron":120,"minecraft:oak_door":2,"minecraft:copper_ingot":46,"sophisticatedbackpacks:backpack":14,"minecraft:stone_button":9,"minecraft:carrot":1,"minecraft:redstone":62,"minecraft:dark_oak_planks":7,"minecraft:arrow":42,"minecraft:stone_shovel":6,"minecraft:gold_ingot":2,"minecraft:mutton":26,"minecraft:white_wool":41,"minecraft:rail":3,"minecraft:oxeye_daisy":2,"minecraft:leather":30,"minecraft:yellow_dye":4,"minecraft:oak_log":2269,"minecraft:chainmail_chestplate":1,"minecraft:golden_boots":1,"minecraft:gunpowder":47,"minecraft:cobblestone_stairs":337,"minecraft:cooked_mutton":4,"minecraft:apple":5,"minecraft:stone_bricks":399,"minecraft:oak_fence_gate":7,"minecraft:iron_ingot":17,"minecraft:stone_pickaxe":18,"tombstone:bag_of_seeds":1,"minecraft:iron_sword":10,"minecraft:acacia_sapling":6,"minecraft:oak_slab":32,"minecraft:pumpkin":6,"minecraft:chiseled_stone_bricks":58,"minecraft:stone_brick_slab":342,"minecraft:dandelion":17,"minecraft:gravel":112,"minecraft:white_bed":134,"minecraft:spruce_log":2,"minecraft:spider_eye":6,"minecraft:leather_helmet":4,"minecraft:stone_axe":18,"tacz:modern_kinetic_gun":7,"minecraft:gray_wool":3,"minecraft:coal":360,"minecraft:ender_pearl":3},"minecraft:dropped":{"sophisticatedbackpacks:iron_backpack":2,"minecraft:iron_sword":3,"minecraft:lapis_lazuli":64,"minecraft:cooked_beef":13,"minecraft:oak_log":16,"minecraft:leather_helmet":3,"minecraft:flint":4,"minecraft:cobblestone_stairs":1,"minecraft:dirt":66,"minecraft:iron_pickaxe":1,"minecraft:dark_oak_planks":7,"minecraft:bone":2,"minecraft:gravel":79,"minecraft:stone_axe":4,"minecraft:cooked_chicken":4,"minecraft:cobbled_deepslate":9,"minecraft:wheat":1,"minecraft:rotten_flesh":13,"minecraft:chainmail_chestplate":1,"minecraft:oak_fence_gate":2,"minecraft:gunpowder":58,"minecraft:arrow":7,"minecraft:egg":1,"minecraft:golden_boots":1,"minecraft:bread":94,"minecraft:wheat_seeds":917,"minecraft:oak_fence":4,"minecraft:cobblestone":404,"minecraft:granite":3,"minecraft:acacia_log":17,"minecraft:coal":20,"minecraft:acacia_sign":3,"minecraft:diorite":2,"minecraft:torch":14,"tacz:modern_kinetic_gun":1,"minecraft:iron_axe":1,"sophisticatedbackpacks:crafting_upgrade":1,"minecraft:string":1,"minecraft:acacia_planks":21,"minecraft:dandelion":2,"minecraft:stone_sword":3,"minecraft:stone_shovel":2,"minecraft:raw_iron":25,"sophisticatedbackpacks:backpack":7,"minecraft:spruce_planks":5,"minecraft:iron_chestplate":1,"minecraft:andesite":7,"minecraft:oak_sapling":4,"minecraft:spider_eye":2,"minecraft:bow":2,"minecraft:stone_pickaxe":4,"minecraft:wooden_pickaxe":1},"minecraft:killed_by":{"sackman:sackman":2,"minecraft:creeper":1,"sanitydim:rotting_stalker":3,"mimicer:mimicer":11,"siren_head:siren_head":1,"man:managgresive":3,"sanitydim:sneaking_terror":1,"minecraft:zombie":2,"minecraft:enderman":2,"thehorrid:horrid_hunter":1,"minecraft:skeleton":1,"assimilator:assimilator":5},"minecraft:custom":{"minecraft:animals_bred":3,"minecraft:interact_with_crafting_table":147,"minecraft:leave_game":29,"minecraft:time_since_death":35900,"minecraft:sprint_one_cm":3953590,"minecraft:damage_blocked_by_shield":2905,"minecraft:drop":143,"minecraft:talked_to_villager":2,"minecraft:play_time":1092732,"minecraft:deaths":43,"minecraft:jump":14268,"minecraft:walk_on_water_one_cm":44237,"minecraft:interact_with_furnace":193,"minecraft:sleep_in_bed":214,"minecraft:damage_dealt":14837,"minecraft:crouch_one_cm":816328,"tombstone:undead_killed":8,"minecraft:mob_kills":147,"minecraft:climb_one_cm":623,"minecraft:walk_one_cm":2365630,"minecraft:sneak_time":230513,"minecraft:walk_under_water_one_cm":11011,"minecraft:boat_one_cm":193236,"minecraft:total_world_time":1092732,"minecraft:time_since_rest":515,"minecraft:damage_taken":19485,"minecraft:swim_one_cm":46900,"minecraft:fly_one_cm":2893856,"minecraft:open_chest":407,"minecraft:fall_one_cm":306819},"minecraft:crafted":{"minecraft:oak_planks":1632,"minecraft:cooked_chicken":8,"minecraft:lightning_rod":1,"minecraft:stone":872,"minecraft:cobblestone_stairs":24,"sophisticatedbackpacks:crafting_upgrade":2,"minecraft:cooked_mutton":10,"minecraft:stone_brick_slab":162,"minecraft:chest":4,"minecraft:chiseled_stone_bricks":36,"minecraft:stone_bricks":916,"minecraft:oak_fence":78,"minecraft:oak_slab":180,"minecraft:item_frame":1,"sophisticatedbackpacks:backpack":6,"minecraft:cooked_porkchop":9,"minecraft:crafting_table":7,"minecraft:wooden_pickaxe":2,"cfm:oak_mail_box":1,"minecraft:clock":1,"minecraft:copper_ingot":268,"sophisticatedbackpacks:upgrade_base":2,"minecraft:stone_brick_stairs":84,"minecraft:yellow_dye":6,"minecraft:shield":2,"minecraft:stick":320,"minecraft:iron_ingot":31,"minecraft:iron_pickaxe":3,"minecraft:iron_block":1,"minecraft:stone_sword":2,"minecraft:light_gray_dye":1,"minecraft:oak_door":3,"minecraft:stone_shovel":10,"minecraft:stone_brick_wall":108,"minecraft:furnace":2,"minecraft:stone_button":12,"minecraft:raw_copper_block":31,"minecraft:oak_trapdoor":12,"minecraft:iron_axe":1,"minecraft:stone_pickaxe":12,"minecraft:wheat":279,"sophisticatedbackpacks:iron_backpack":1,"cfm:door_mat":1,"minecraft:cooked_beef":6,"tacz:gun_smith_table":1,"minecraft:bucket":2,"minecraft:stone_axe":7,"minecraft:bread":273,"minecraft:air":0,"minecraft:blue_dye":1,"minecraft:oak_boat":2,"minecraft:oak_fence_gate":9,"cfm:oak_desk":2,"minecraft:acacia_sign":3,"minecraft:oak_stairs":40,"minecraft:white_bed":2,"cfm:oak_upgraded_fence":12,"minecraft:acacia_planks":68,"minecraft:torch":348},"minecraft:mined":{"minecraft:dark_oak_planks":10,"minecraft:spruce_planks":10,"minecraft:white_bed":7,"minecraft:oak_sapling":2,"minecraft:cobblestone_stairs":219,"minecraft:granite":13,"minecraft:acacia_log":34,"minecraft:grass_block":922,"minecraft:stone_brick_wall":10,"sophisticatedbackpacks:iron_backpack":9,"tacz:gun_smith_table":6,"minecraft:oxeye_daisy":2,"minecraft:chiseled_stone_bricks":2,"minecraft:spawner":2,"minecraft:iron_ore":82,"minecraft:cobbled_deepslate":3,"minecraft:fire":27,"minecraft:pumpkin":2,"minecraft:dark_oak_stairs":1,"minecraft:pointed_dripstone":1,"minecraft:oak_stairs":92,"minecraft:orange_bed":1,"minecraft:deepslate_redstone_ore":5,"minecraft:torch":43,"minecraft:poppy":3,"minecraft:melon":14,"minecraft:cobblestone":698,"minecraft:sugar_cane":6,"minecraft:oak_planks":89,"minecraft:wall_torch":54,"minecraft:wheat":748,"minecraft:stone_brick_stairs":46,"minecraft:grass":463,"minecraft:oak_log":697,"minecraft:oak_fence_gate":5,"minecraft:sand":1,"minecraft:dirt":446,"minecraft:oak_leaves":177,"minecraft:deepslate":137,"minecraft:tuff":1,"minecraft:oak_door":2,"minecraft:sandstone":8,"minecraft:redstone_ore":9,"minecraft:furnace":6,"minecraft:andesite":14,"minecraft:gold_block":2,"cfm:oak_upgraded_fence":10,"minecraft:deepslate_iron_ore":10,"minecraft:rail":3,"minecraft:bamboo":9,"minecraft:stone":1314,"sophisticatedbackpacks:backpack":3,"minecraft:oak_slab":17,"minecraft:acacia_leaves":3,"minecraft:stone_brick_slab":23,"minecraft:dandelion":15,"minecraft:oak_fence":41,"minecraft:crafting_table":17,"minecraft:cornflower":2,"minecraft:tall_grass":31,"minecraft:copper_ore":92,"minecraft:lapis_ore":11,"minecraft:deepslate_gold_ore":13,"minecraft:diorite":64,"minecraft:spruce_stairs":5,"minecraft:spruce_log":2,"minecraft:birch_leaves":1,"minecraft:mangrove_leaves":1,"minecraft:coal_ore":169,"minecraft:gravel":34,"minecraft:cobweb":26,"minecraft:stone_bricks":216,"minecraft:gold_ore":9},"minecraft:used":{"cfm:oak_mail_box":1,"minecraft:poppy":3,"minecraft:chest":2,"minecraft:shield":36,"minecraft:iron_sword":130,"minecraft:iron_chestplate":5,"minecraft:mutton":6,"cfm:oak_desk":2,"minecraft:acacia_sapling":6,"cfm:door_mat":1,"minecraft:lava_bucket":1,"minecraft:grass_block":1,"minecraft:birch_sapling":1,"minecraft:stone_brick_stairs":275,"minecraft:stone_bricks":930,"minecraft:item_frame":2,"minecraft:bow":6,"minecraft:furnace":7,"minecraft:oak_sapling":13,"minecraft:gold_block":2,"minecraft:egg":11,"minecraft:potato":1,"minecraft:diorite":351,"minecraft:stone_pickaxe":2448,"minecraft:oak_planks":1942,"minecraft:wooden_pickaxe":7,"minecraft:stone_brick_wall":126,"minecraft:lightning_rod":1,"sophisticatedbackpacks:backpack":3,"minecraft:bread":164,"minecraft:stone_button":12,"cfm:oak_upgraded_fence":20,"minecraft:gravel":4,"minecraft:oak_boat":14,"minecraft:oak_fence":114,"minecraft:oak_trapdoor":12,"sophisticatedbackpacks:iron_backpack":12,"minecraft:stone_sword":101,"minecraft:stone_shovel":1237,"tacz:gun_smith_table":6,"minecraft:spruce_planks":2,"minecraft:cooked_chicken":4,"minecraft:oak_door":2,"minecraft:orange_bed":4,"minecraft:torch":567,"minecraft:dirt":1034,"minecraft:golden_shovel":1,"minecraft:granite":1,"minecraft:oak_fence_gate":14,"minecraft:stone_brick_slab":145,"minecraft:iron_axe":4,"minecraft:oak_stairs":150,"minecraft:bamboo":9,"tombstone:gift":4,"minecraft:cooked_beef":25,"minecraft:cobbled_deepslate":56,"minecraft:wheat_seeds":817,"minecraft:cooked_mutton":10,"minecraft:water_bucket":105,"minecraft:cobblestone_stairs":1323,"minecraft:rail":2,"minecraft:oak_slab":125,"minecraft:crafting_table":20,"minecraft:white_bed":134,"minecraft:oak_log":605,"tombstone:bag_of_seeds":2,"minecraft:cornflower":1,"minecraft:apple":1,"minecraft:oxeye_daisy":1,"minecraft:acacia_sign":1,"minecraft:chicken":1,"minecraft:iron_pickaxe":754,"minecraft:stone_axe":1109,"minecraft:chiseled_stone_bricks":60,"minecraft:cobblestone":2115,"minecraft:cooked_porkchop":7,"minecraft:bucket":108,"minecraft:dandelion":3},"minecraft:killed":{"minecraft:cave_spider":2,"thehorrid:fakeleech":13,"minecraft:spider":11,"minecraft:skeleton":25,"minecraft:chicken":9,"minecraft:pig":4,"minecraft:creeper":25,"minecraft:sheep":8,"minecraft:trader_llama":2,"minecraft:zombie":16,"minecraft:cow":9,"minecraft:horse":4,"mimicer:mimicer":3,"thehorrid:fleshleech":4,"minecraft:wandering_trader":1,"minecraft:enderman":1}},"DataVersion":3120}