{"stats":{"minecraft:dropped":{"sophisticatedbackpacks:iron_backpack":2,"minecraft:bread":94,"minecraft:iron_sword":2,"minecraft:wheat_seeds":1,"minecraft:lapis_lazuli":64,"minecraft:cooked_beef":13,"minecraft:oak_fence":4,"minecraft:cobblestone":271,"minecraft:granite":3,"minecraft:coal":20,"minecraft:acacia_log":17,"minecraft:leather_helmet":3,"minecraft:flint":4,"minecraft:acacia_sign":3,"minecraft:dirt":66,"minecraft:diorite":2,"minecraft:torch":14,"minecraft:iron_axe":1,"minecraft:iron_pickaxe":1,"minecraft:string":1,"minecraft:dark_oak_planks":7,"minecraft:acacia_planks":21,"minecraft:gravel":70,"minecraft:stone_axe":4,"minecraft:cooked_chicken":4,"minecraft:stone_sword":3,"minecraft:cobbled_deepslate":9,"minecraft:raw_iron":25,"minecraft:stone_shovel":2,"minecraft:rotten_flesh":4,"sophisticatedbackpacks:backpack":7,"minecraft:oak_fence_gate":2,"minecraft:gunpowder":2,"minecraft:spruce_planks":5,"minecraft:iron_chestplate":1,"minecraft:andesite":6,"minecraft:spider_eye":1,"minecraft:bow":2,"minecraft:arrow":7,"minecraft:stone_pickaxe":4,"minecraft:wooden_pickaxe":1},"minecraft:custom":{"minecraft:mob_kills":68,"minecraft:animals_bred":3,"minecraft:interact_with_crafting_table":101,"minecraft:leave_game":7,"minecraft:time_since_death":16690,"minecraft:sprint_one_cm":1479881,"minecraft:walk_one_cm":1018952,"minecraft:damage_blocked_by_shield":265,"minecraft:drop":82,"minecraft:talked_to_villager":1,"minecraft:play_time":447463,"minecraft:sneak_time":65313,"minecraft:deaths":11,"minecraft:walk_under_water_one_cm":9709,"minecraft:boat_one_cm":174490,"minecraft:jump":6232,"minecraft:walk_on_water_one_cm":35030,"minecraft:total_world_time":447463,"minecraft:interact_with_furnace":122,"minecraft:sleep_in_bed":57,"minecraft:time_since_rest":10650,"minecraft:damage_taken":6387,"minecraft:damage_dealt":8047,"minecraft:swim_one_cm":31109,"minecraft:fly_one_cm":1304507,"minecraft:open_chest":195,"minecraft:crouch_one_cm":211115,"minecraft:fall_one_cm":138638},"minecraft:killed":{"minecraft:cave_spider":2,"thehorrid:fakeleech":1,"minecraft:spider":6,"minecraft:skeleton":7,"minecraft:horse":4,"minecraft:chicken":9,"thehorrid:fleshleech":1,"minecraft:pig":4,"minecraft:creeper":9,"minecraft:sheep":8,"minecraft:zombie":7,"minecraft:cow":9},"minecraft:mined":{"minecraft:dark_oak_planks":10,"minecraft:tuff":1,"minecraft:spruce_planks":10,"minecraft:white_bed":4,"minecraft:oak_sapling":2,"minecraft:oak_door":2,"minecraft:granite":13,"minecraft:acacia_log":34,"minecraft:grass_block":864,"minecraft:oxeye_daisy":2,"tacz:gun_smith_table":3,"minecraft:sandstone":8,"minecraft:spawner":2,"minecraft:redstone_ore":9,"minecraft:furnace":5,"minecraft:iron_ore":79,"minecraft:fire":27,"minecraft:cobbled_deepslate":3,"minecraft:andesite":7,"minecraft:pumpkin":2,"minecraft:gold_block":2,"minecraft:dark_oak_stairs":1,"minecraft:pointed_dripstone":1,"minecraft:deepslate_iron_ore":10,"minecraft:rail":3,"minecraft:oak_stairs":21,"minecraft:stone":884,"sophisticatedbackpacks:backpack":2,"minecraft:deepslate_redstone_ore":5,"minecraft:oak_slab":8,"minecraft:acacia_leaves":3,"minecraft:dandelion":13,"minecraft:oak_fence":4,"minecraft:cornflower":2,"minecraft:crafting_table":15,"minecraft:torch":19,"minecraft:poppy":3,"minecraft:copper_ore":92,"minecraft:tall_grass":21,"minecraft:cobblestone":212,"minecraft:deepslate_gold_ore":13,"minecraft:lapis_ore":11,"minecraft:oak_planks":35,"minecraft:sugar_cane":5,"minecraft:wall_torch":24,"minecraft:diorite":31,"minecraft:spruce_stairs":5,"minecraft:wheat":10,"minecraft:spruce_log":2,"minecraft:birch_leaves":1,"minecraft:grass":350,"minecraft:coal_ore":152,"minecraft:oak_log":541,"minecraft:oak_fence_gate":5,"minecraft:gravel":3,"minecraft:dirt":104,"minecraft:sand":1,"minecraft:cobweb":26,"minecraft:stone_bricks":25,"minecraft:gold_ore":9,"minecraft:oak_leaves":31,"minecraft:deepslate":137},"minecraft:used":{"minecraft:oak_fence":30,"minecraft:oak_trapdoor":6,"minecraft:stone_sword":101,"minecraft:stone_shovel":922,"minecraft:poppy":3,"tacz:gun_smith_table":3,"minecraft:spruce_planks":2,"minecraft:shield":6,"minecraft:iron_sword":32,"minecraft:cooked_chicken":4,"minecraft:iron_chestplate":1,"minecraft:oak_door":2,"minecraft:torch":274,"minecraft:dirt":539,"minecraft:mutton":6,"minecraft:acacia_sapling":6,"minecraft:granite":1,"minecraft:oak_fence_gate":14,"minecraft:birch_sapling":1,"minecraft:iron_axe":4,"minecraft:oak_stairs":34,"minecraft:stone_bricks":169,"minecraft:bamboo":9,"minecraft:bow":6,"minecraft:oak_sapling":11,"minecraft:furnace":6,"minecraft:gold_block":2,"minecraft:egg":11,"minecraft:cooked_beef":14,"minecraft:cobbled_deepslate":56,"minecraft:wheat_seeds":9,"minecraft:cooked_mutton":10,"minecraft:water_bucket":11,"minecraft:diorite":9,"minecraft:oak_planks":478,"minecraft:stone_pickaxe":974,"minecraft:wooden_pickaxe":7,"minecraft:rail":2,"minecraft:oak_slab":125,"minecraft:crafting_table":17,"minecraft:white_bed":24,"minecraft:lightning_rod":1,"minecraft:oak_log":194,"sophisticatedbackpacks:backpack":2,"minecraft:cornflower":1,"minecraft:oxeye_daisy":1,"minecraft:acacia_sign":1,"minecraft:chicken":1,"minecraft:bread":34,"minecraft:iron_pickaxe":754,"minecraft:stone_button":11,"minecraft:gravel":4,"minecraft:stone_axe":730,"minecraft:cobblestone":661,"minecraft:cooked_porkchop":7,"minecraft:bucket":12,"minecraft:oak_boat":10,"minecraft:dandelion":2},"minecraft:killed_by":{"sackman:sackman":1,"sanitydim:rotting_stalker":3,"siren_head:siren_head":1,"thehorrid:horrid_hunter":1,"man:managgresive":1,"sanitydim:sneaking_terror":1,"assimilator:assimilator":2},"minecraft:crafted":{"minecraft:oak_door":3,"minecraft:oak_planks":920,"minecraft:stone_shovel":9,"minecraft:cooked_chicken":8,"minecraft:lightning_rod":1,"minecraft:furnace":2,"minecraft:stone_button":12,"minecraft:stone":168,"minecraft:raw_copper_block":31,"minecraft:cooked_mutton":10,"minecraft:oak_trapdoor":6,"minecraft:iron_axe":1,"minecraft:stone_pickaxe":8,"minecraft:chest":1,"minecraft:stone_bricks":156,"minecraft:oak_fence":30,"minecraft:wheat":279,"minecraft:cooked_beef":6,"minecraft:oak_slab":180,"sophisticatedbackpacks:backpack":6,"minecraft:cooked_porkchop":9,"minecraft:crafting_table":4,"minecraft:wooden_pickaxe":2,"tacz:gun_smith_table":1,"minecraft:copper_ingot":37,"minecraft:bucket":1,"minecraft:stone_axe":6,"minecraft:bread":96,"minecraft:air":0,"minecraft:blue_dye":1,"minecraft:oak_fence_gate":9,"minecraft:oak_boat":2,"minecraft:yellow_dye":6,"minecraft:acacia_sign":3,"minecraft:shield":1,"minecraft:stick":168,"minecraft:iron_ingot":28,"minecraft:iron_pickaxe":3,"minecraft:oak_stairs":40,"minecraft:iron_block":1,"minecraft:stone_sword":2,"minecraft:light_gray_dye":1,"minecraft:white_bed":2,"minecraft:acacia_planks":68,"minecraft:torch":244},"minecraft:broken":{"minecraft:stone_sword":1,"minecraft:stone_pickaxe":6,"minecraft:stone_axe":5,"minecraft:iron_pickaxe":3,"minecraft:stone_shovel":6},"minecraft:picked_up":{"minecraft:cocoa_beans":10,"minecraft:charcoal":4,"minecraft:crafting_table":24,"minecraft:wheat":9,"minecraft:chicken":9,"minecraft:oak_stairs":21,"minecraft:gold_block":2,"minecraft:shield":4,"minecraft:cornflower":2,"tacz:ammo":120,"minecraft:string":53,"minecraft:raw_copper":539,"minecraft:iron_axe":1,"minecraft:cobbled_deepslate":170,"minecraft:spruce_planks":7,"minecraft:acacia_sign":1,"minecraft:beef":24,"minecraft:oak_boat":12,"minecraft:poppy":6,"minecraft:iron_pickaxe":2,"minecraft:sugar_cane":41,"minecraft:chest":3,"minecraft:birch_sapling":1,"minecraft:furnace":6,"minecraft:egg":22,"minecraft:stick":36,"minecraft:raw_iron":117,"minecraft:oak_door":2,"minecraft:copper_ingot":46,"minecraft:oak_fence":11,"minecraft:torch":165,"minecraft:acacia_log":34,"sophisticatedbackpacks:backpack":13,"minecraft:porkchop":6,"minecraft:stone_button":8,"minecraft:diorite":32,"minecraft:redstone":62,"minecraft:dark_oak_planks":7,"minecraft:stone_sword":10,"minecraft:arrow":31,"minecraft:stone_shovel":2,"minecraft:rotten_flesh":13,"minecraft:mutton":26,"minecraft:rail":3,"minecraft:white_wool":7,"minecraft:cobblestone":1546,"minecraft:oxeye_daisy":2,"minecraft:feather":24,"minecraft:cooked_beef":62,"minecraft:andesite":11,"minecraft:leather":29,"minecraft:yellow_dye":4,"minecraft:copper_block":15,"minecraft:potato":5,"minecraft:flint":4,"minecraft:tuff":1,"minecraft:light_gray_dye":1,"minecraft:oak_log":1049,"minecraft:gunpowder":19,"minecraft:lapis_lazuli":198,"minecraft:dirt":1431,"minecraft:cooked_mutton":4,"minecraft:bone":27,"minecraft:acacia_planks":13,"minecraft:apple":2,"minecraft:stone_bricks":25,"minecraft:bow":3,"minecraft:wheat_seeds":80,"minecraft:raw_gold":26,"minecraft:iron_ingot":17,"minecraft:oak_fence_gate":7,"minecraft:stone_pickaxe":12,"tacz:gun_smith_table":2,"minecraft:iron_sword":3,"minecraft:oak_planks":212,"minecraft:acacia_sapling":6,"minecraft:oak_slab":23,"minecraft:cooked_porkchop":23,"minecraft:pumpkin":6,"minecraft:dandelion":13,"minecraft:gravel":77,"sophisticatedbackpacks:iron_backpack":2,"minecraft:white_bed":23,"minecraft:spruce_log":2,"minecraft:spider_eye":5,"minecraft:leather_helmet":4,"tacz:modern_kinetic_gun":1,"minecraft:stone_axe":12,"minecraft:granite":16,"minecraft:gray_wool":3,"minecraft:bread":77,"minecraft:oak_sapling":41,"minecraft:coal":309,"minecraft:iron_chestplate":3,"minecraft:ender_pearl":2}},"DataVersion":3120}