{"stats":{"minecraft:dropped":{"minecraft:cooked_beef":13,"minecraft:cobblestone":61,"minecraft:dirt":66,"minecraft:torch":14,"minecraft:dark_oak_planks":7,"minecraft:string":1,"minecraft:stone_axe":2,"minecraft:cooked_chicken":4,"minecraft:stone_sword":1,"minecraft:rotten_flesh":1,"sophisticatedbackpacks:backpack":5,"minecraft:oak_fence_gate":2,"minecraft:gunpowder":2,"minecraft:spruce_planks":5,"minecraft:wooden_pickaxe":1,"minecraft:stone_pickaxe":2},"minecraft:picked_up":{"minecraft:cocoa_beans":10,"minecraft:charcoal":4,"minecraft:crafting_table":17,"minecraft:chicken":9,"minecraft:oak_stairs":5,"minecraft:gold_block":2,"minecraft:cornflower":2,"minecraft:string":26,"minecraft:raw_copper":291,"minecraft:spruce_planks":7,"minecraft:beef":12,"minecraft:oak_boat":10,"minecraft:poppy":4,"minecraft:iron_pickaxe":1,"minecraft:chest":3,"minecraft:sugar_cane":41,"minecraft:egg":19,"minecraft:stick":29,"minecraft:raw_iron":12,"minecraft:oak_door":2,"minecraft:copper_ingot":45,"minecraft:oak_fence":7,"minecraft:torch":72,"sophisticatedbackpacks:backpack":8,"minecraft:porkchop":6,"minecraft:diorite":4,"minecraft:dark_oak_planks":7,"minecraft:stone_sword":7,"minecraft:arrow":12,"minecraft:rotten_flesh":10,"minecraft:mutton":26,"minecraft:white_wool":7,"minecraft:cobblestone":682,"minecraft:oxeye_daisy":2,"minecraft:feather":24,"minecraft:cooked_beef":51,"minecraft:leather":21,"minecraft:yellow_dye":4,"minecraft:potato":5,"minecraft:light_gray_dye":1,"minecraft:oak_log":811,"minecraft:gunpowder":13,"minecraft:lapis_lazuli":72,"minecraft:dirt":1324,"minecraft:cooked_mutton":4,"minecraft:bone":24,"minecraft:wheat_seeds":42,"minecraft:stone_pickaxe":10,"minecraft:oak_fence_gate":6,"minecraft:iron_ingot":2,"minecraft:oak_planks":194,"minecraft:oak_slab":20,"minecraft:cooked_porkchop":23,"minecraft:pumpkin":6,"minecraft:dandelion":13,"minecraft:white_bed":6,"minecraft:spruce_log":2,"minecraft:spider_eye":4,"minecraft:stone_axe":8,"minecraft:granite":1,"minecraft:gray_wool":3,"minecraft:oak_sapling":27,"minecraft:coal":153,"minecraft:ender_pearl":2},"minecraft:crafted":{"minecraft:oak_door":3,"minecraft:oak_planks":372,"minecraft:stone_shovel":7,"minecraft:cooked_chicken":8,"minecraft:lightning_rod":1,"minecraft:furnace":1,"minecraft:stone_button":12,"minecraft:stone":104,"minecraft:cooked_mutton":10,"minecraft:oak_trapdoor":6,"minecraft:stone_pickaxe":4,"minecraft:chest":1,"minecraft:stone_bricks":92,"minecraft:oak_fence":30,"minecraft:cooked_beef":6,"minecraft:oak_slab":108,"sophisticatedbackpacks:backpack":6,"minecraft:cooked_porkchop":9,"minecraft:crafting_table":3,"minecraft:wooden_pickaxe":1,"minecraft:stone_axe":3,"minecraft:air":0,"minecraft:blue_dye":1,"minecraft:oak_fence_gate":7,"minecraft:oak_boat":2,"minecraft:yellow_dye":6,"minecraft:stick":80,"minecraft:iron_ingot":8,"minecraft:iron_pickaxe":1,"minecraft:oak_stairs":40,"minecraft:stone_sword":1,"minecraft:light_gray_dye":1,"minecraft:white_bed":2,"minecraft:torch":28},"minecraft:killed":{"thehorrid:fakeleech":1,"minecraft:spider":4,"minecraft:skeleton":3,"minecraft:horse":4,"minecraft:chicken":9,"minecraft:pig":4,"minecraft:creeper":4,"minecraft:sheep":8,"minecraft:zombie":4,"minecraft:cow":2},"minecraft:broken":{"minecraft:stone_pickaxe":4,"minecraft:stone_axe":2,"minecraft:stone_shovel":5},"minecraft:mined":{"minecraft:dark_oak_planks":10,"minecraft:spruce_planks":10,"minecraft:white_bed":2,"minecraft:oak_door":2,"minecraft:granite":1,"minecraft:grass_block":828,"minecraft:oxeye_daisy":2,"minecraft:sandstone":8,"minecraft:iron_ore":12,"minecraft:fire":13,"minecraft:pumpkin":2,"minecraft:gold_block":2,"minecraft:dark_oak_stairs":1,"minecraft:oak_stairs":5,"minecraft:stone":320,"sophisticatedbackpacks:backpack":1,"minecraft:oak_slab":5,"minecraft:dandelion":13,"minecraft:oak_fence":3,"minecraft:crafting_table":8,"minecraft:cornflower":2,"minecraft:torch":9,"minecraft:poppy":3,"minecraft:tall_grass":20,"minecraft:copper_ore":22,"minecraft:cobblestone":101,"minecraft:lapis_ore":6,"minecraft:oak_planks":15,"minecraft:sugar_cane":5,"minecraft:diorite":2,"minecraft:wall_torch":8,"minecraft:spruce_stairs":5,"minecraft:spruce_log":2,"minecraft:grass":270,"minecraft:oak_log":301,"minecraft:coal_ore":48,"minecraft:oak_fence_gate":4,"minecraft:sand":1,"minecraft:dirt":41,"minecraft:oak_leaves":20},"minecraft:used":{"minecraft:oak_trapdoor":6,"minecraft:oak_fence":30,"minecraft:stone_sword":61,"minecraft:stone_shovel":838,"minecraft:poppy":3,"minecraft:spruce_planks":2,"minecraft:cooked_chicken":4,"minecraft:oak_door":2,"minecraft:torch":54,"minecraft:dirt":359,"minecraft:mutton":6,"minecraft:granite":1,"minecraft:oak_fence_gate":11,"minecraft:oak_stairs":34,"minecraft:stone_bricks":72,"minecraft:furnace":1,"minecraft:gold_block":2,"minecraft:egg":9,"minecraft:cooked_beef":11,"minecraft:cooked_mutton":3,"minecraft:diorite":4,"minecraft:stone_pickaxe":530,"minecraft:oak_planks":93,"minecraft:wooden_pickaxe":3,"minecraft:oak_slab":52,"minecraft:crafting_table":9,"minecraft:white_bed":7,"minecraft:lightning_rod":1,"minecraft:oak_log":115,"sophisticatedbackpacks:backpack":1,"minecraft:cornflower":1,"minecraft:oxeye_daisy":1,"minecraft:chicken":1,"minecraft:stone_button":11,"minecraft:iron_pickaxe":4,"minecraft:stone_axe":411,"minecraft:cobblestone":253,"minecraft:cooked_porkchop":4,"minecraft:oak_boat":8,"minecraft:dandelion":2},"minecraft:killed_by":{"sanitydim:rotting_stalker":2,"siren_head:siren_head":1,"man:managgresive":1,"sanitydim:sneaking_terror":1,"assimilator:assimilator":1},"minecraft:custom":{"minecraft:mob_kills":43,"minecraft:animals_bred":3,"minecraft:interact_with_crafting_table":60,"minecraft:leave_game":4,"minecraft:time_since_death":66300,"minecraft:sprint_one_cm":784093,"minecraft:walk_one_cm":563983,"minecraft:drop":26,"minecraft:play_time":221306,"minecraft:deaths":7,"minecraft:sneak_time":22521,"minecraft:walk_under_water_one_cm":5236,"minecraft:boat_one_cm":165900,"minecraft:jump":3276,"minecraft:walk_on_water_one_cm":21238,"minecraft:total_world_time":221306,"minecraft:interact_with_furnace":38,"minecraft:sleep_in_bed":30,"minecraft:time_since_rest":0,"minecraft:damage_taken":3442,"minecraft:damage_dealt":5533,"minecraft:swim_one_cm":24143,"minecraft:fly_one_cm":815623,"minecraft:open_chest":65,"minecraft:crouch_one_cm":67822,"minecraft:fall_one_cm":67600}},"DataVersion":3120}