{"stats":{"minecraft:mined":{"minecraft:dark_oak_planks":10,"minecraft:white_bed":11,"minecraft:obsidian":14,"minecraft:granite":35,"minecraft:acacia_log":179,"minecraft:stone_brick_wall":10,"minecraft:yellow_carpet":9,"tacz:gun_smith_table":6,"minecraft:oxeye_daisy":2,"minecraft:chiseled_stone_bricks":6,"minecraft:spawner":2,"cozy_home:plank_oak_3":3,"minecraft:cobbled_deepslate":52,"minecraft:fire":28,"minecraft:pumpkin":2,"minecraft:deepslate_lapis_ore":35,"minecraft:sculk_shrieker":7,"minecraft:water_cauldron":2,"minecraft:oak_stairs":92,"cfm:oak_kitchen_counter":8,"minecraft:orange_bed":3,"minecraft:red_bed":9,"minecraft:smoker":2,"minecraft:amethyst_cluster":16,"minecraft:torch":65,"minecraft:melon":18,"handcrafted:oak_drawer_1":4,"minecraft:sugar_cane":40,"minecraft:amethyst_block":7,"minecraft:wheat":748,"minecraft:stone_brick_stairs":48,"minecraft:grass":545,"minecraft:oak_fence_gate":5,"minecraft:smooth_basalt":15,"minecraft:stonecutter":2,"minecraft:deepslate":452,"handcrafted:wood_plate":1,"minecraft:cartography_table":2,"minecraft:redstone_ore":41,"minecraft:acacia_trapdoor":1,"cfm:oak_table":8,"minecraft:andesite":35,"minecraft:potatoes":21,"minecraft:rail":3,"cfm:white_sofa":4,"minecraft:bamboo":18,"minecraft:light_gray_carpet":1,"minecraft:oak_slab":25,"minecraft:stone_brick_slab":23,"minecraft:dandelion":89,"minecraft:cornflower":2,"cozy_home:oak_planked_wall":3,"cozy_home:oak_planked_wall_middle":1,"minecraft:emerald_ore":1,"handcrafted:oak_fancy_bed":4,"minecraft:tall_grass":35,"minecraft:copper_ore":212,"minecraft:deepslate_gold_ore":74,"minecraft:diorite":91,"cozy_home:table_stump_oak_single":5,"handcrafted:oak_pillar_trim":1,"cfm:oak_upgraded_gate":1,"minecraft:spruce_log":2,"minecraft:white_carpet":10,"minecraft:birch_leaves":1,"minecraft:mangrove_leaves":1,"handcrafted:acacia_dining_bench":2,"minecraft:gravel":57,"minecraft:dripstone_block":3,"minecraft:cobweb":26,"minecraft:stone_bricks":222,"minecraft:gold_ore":27,"cfm:oak_bedside_cabinet":2,"minecraft:spruce_planks":10,"minecraft:oak_sapling":2,"minecraft:cobblestone_stairs":239,"minecraft:sculk_vein":3,"minecraft:brewing_stand":1,"minecraft:budding_amethyst":2,"minecraft:grass_block":994,"sophisticatedbackpacks:iron_backpack":11,"minecraft:white_concrete":16,"handcrafted:oak_corner_trim":5,"handcrafted:oak_shelf_1":3,"minecraft:iron_ore":297,"minecraft:dark_oak_stairs":1,"minecraft:pointed_dripstone":2,"sophisticatedbackpacks:copper_backpack":3,"minecraft:deepslate_redstone_ore":202,"minecraft:clay":34,"minecraft:calcite":86,"minecraft:poppy":8,"minecraft:chest":1,"minecraft:cobblestone":1059,"minecraft:grindstone":1,"minecraft:oak_planks":97,"cozy_home:lamp_white":2,"minecraft:wall_torch":103,"minecraft:deepslate_copper_ore":92,"minecraft:seagrass":1,"minecraft:oak_log":1039,"minecraft:sand":74,"minecraft:dirt":561,"minecraft:raw_copper_block":2,"minecraft:oak_leaves":222,"cozy_home:table_oak_single":4,"minecraft:diamond_ore":1,"minecraft:tuff":6,"minecraft:deepslate_diamond_ore":26,"minecraft:oak_door":2,"handcrafted:white_cushion":5,"minecraft:sandstone":8,"minecraft:hay_block":80,"minecraft:furnace":17,"minecraft:gold_block":12,"cfm:oak_upgraded_fence":16,"minecraft:deepslate_iron_ore":247,"minecraft:lantern":4,"minecraft:stone":2458,"sophisticatedbackpacks:backpack":3,"minecraft:redstone_wall_torch":2,"cfm:oak_cabinet":9,"minecraft:acacia_leaves":15,"cozy_home:table_stump_oak_double":2,"minecraft:oak_fence":48,"minecraft:crafting_table":17,"minecraft:sculk_sensor":14,"handcrafted:acacia_table":3,"minecraft:lapis_ore":37,"minecraft:sculk":5,"minecraft:spruce_stairs":5,"minecraft:gray_wool":99,"cfm:oak_chair":4,"minecraft:redstone_torch":3,"minecraft:yellow_bed":1,"cozy_home:plank_oak_0":17,"cozy_home:oak_planked_wall_top":2,"minecraft:coal_ore":708,"minecraft:flower_pot":1,"minecraft:gray_carpet":1},"minecraft:killed_by":{"sackman:sackman":10,"sanitydim:rotting_stalker":8,"minecraft:zombie":4,"cave_dweller:cave_dweller":1,"minecraft:creeper":3,"mimicer:mimicer":29,"siren_head:siren_head":1,"man:managgresive":4,"sanitydim:sneaking_terror":2,"minecraft:player":3,"minecraft:enderman":2,"thehorrid:horrid_hunter":1,"apollyon:the_damned":1,"minecraft:skeleton":2,"assimilator:assimilator":14},"minecraft:crafted":{"minecraft:black_dye":1,"minecraft:yellow_wool":3,"minecraft:smooth_stone":33,"sophisticatedbackpacks:crafting_upgrade":2,"minecraft:cooked_mutton":10,"cfm:white_sofa":6,"cfm:oak_kitchen_counter":16,"minecraft:flower_pot":1,"minecraft:cooked_porkchop":9,"minecraft:diamond_axe":1,"cozy_home:table_oak_single":1,"minecraft:clock":1,"cfm:oak_mail_box":1,"minecraft:copper_ingot":300,"minecraft:stone_brick_stairs":100,"minecraft:iron_pickaxe":9,"minecraft:iron_block":4,"minecraft:gold_ingot":80,"minecraft:light_gray_dye":1,"minecraft:stone_shovel":10,"handcrafted:oak_fancy_bed":2,"handcrafted:oak_shelf":2,"minecraft:iron_nugget":324,"minecraft:yellow_bed":1,"minecraft:bone_meal":27,"minecraft:white_carpet":9,"minecraft:terracotta":16,"minecraft:lantern":42,"minecraft:stone_pickaxe":12,"cfm:oak_table":12,"minecraft:redstone_block":11,"minecraft:wheat":675,"minecraft:enchanting_table":1,"tacz:gun_smith_table":1,"sophisticatedbackpacks:gold_backpack":1,"minecraft:oak_fence_gate":11,"minecraft:acacia_sign":3,"sophisticatedbackpacks:stonecutter_upgrade":1,"cozy_home:grandfather_clock_oak_bottom":1,"minecraft:oak_stairs":40,"handcrafted:hammer":1,"minecraft:iron_leggings":1,"minecraft:white_bed":3,"minecraft:brick":64,"minecraft:oak_planks":1820,"minecraft:cooked_chicken":8,"minecraft:lightning_rod":1,"minecraft:cobblestone_stairs":88,"minecraft:stone":1116,"minecraft:stone_brick_slab":162,"minecraft:iron_boots":1,"minecraft:chest":7,"minecraft:chiseled_stone_bricks":61,"handcrafted:acacia_couch":9,"minecraft:stone_bricks":1108,"minecraft:oak_fence":78,"minecraft:smoker":6,"minecraft:oak_slab":186,"minecraft:item_frame":2,"cfm:oak_upgraded_gate":2,"sophisticatedbackpacks:backpack":6,"minecraft:crafting_table":10,"minecraft:wooden_pickaxe":2,"minecraft:iron_helmet":1,"cozy_home:table_stump_oak_single":4,"sophisticatedbackpacks:upgrade_base":3,"minecraft:book":1,"minecraft:iron_chestplate":1,"minecraft:yellow_dye":80,"minecraft:shield":3,"minecraft:stick":512,"minecraft:iron_ingot":515,"minecraft:stone_sword":2,"cozy_home:plank_oak_0":56,"minecraft:gray_carpet":30,"minecraft:shears":1,"minecraft:oak_door":6,"minecraft:stone_brick_wall":108,"minecraft:leather_boots":1,"cozy_home:lamp_white":2,"minecraft:furnace":19,"minecraft:stone_button":12,"minecraft:blast_furnace":4,"minecraft:raw_copper_block":31,"minecraft:glass_pane":16,"minecraft:oak_trapdoor":12,"handcrafted:acacia_table":2,"minecraft:iron_axe":1,"minecraft:iron_hoe":1,"handcrafted:white_sheet":8,"cfm:oak_crate":2,"sophisticatedbackpacks:iron_backpack":1,"cfm:door_mat":1,"minecraft:cooked_beef":6,"handcrafted:white_cushion":8,"minecraft:yellow_carpet":36,"minecraft:iron_sword":2,"minecraft:bucket":3,"minecraft:stone_axe":7,"cfm:oak_kitchen_drawer":4,"minecraft:bread":405,"minecraft:air":0,"minecraft:blue_dye":1,"minecraft:oak_boat":3,"cfm:oak_desk":4,"minecraft:white_dye":27,"cfm:oak_bedside_cabinet":2,"minecraft:anvil":1,"cfm:oak_upgraded_fence":12,"cfm:oak_chair":4,"minecraft:acacia_planks":264,"minecraft:torch":1268,"minecraft:clay":16},"minecraft:custom":{"minecraft:interact_with_crafting_table":199,"minecraft:open_barrel":46,"minecraft:leave_game":41,"minecraft:time_since_death":26519,"minecraft:damage_blocked_by_shield":10535,"minecraft:play_time":2090914,"minecraft:deaths":98,"minecraft:jump":31258,"minecraft:enchant_item":5,"minecraft:interact_with_furnace":386,"minecraft:sleep_in_bed":319,"tombstone:sneak_grave":2,"minecraft:damage_dealt":38973,"tombstone:undead_killed":137,"minecraft:interact_with_smoker":3,"minecraft:interact_with_anvil":6,"minecraft:damage_dealt_absorbed":241,"minecraft:sneak_time":389089,"minecraft:interact_with_lectern":2,"minecraft:interact_with_blast_furnace":35,"minecraft:total_world_time":2090914,"tombstone:raider_killed":8,"minecraft:interact_with_stonecutter":2,"minecraft:time_since_rest":3414,"minecraft:swim_one_cm":143508,"minecraft:fly_one_cm":6506479,"minecraft:open_chest":1064,"minecraft:fall_one_cm":701850,"minecraft:animals_bred":3,"minecraft:sprint_one_cm":7848107,"minecraft:drop":343,"minecraft:talked_to_villager":9,"minecraft:walk_on_water_one_cm":124200,"minecraft:player_kills":3,"minecraft:crouch_one_cm":1383283,"tombstone:villager_killed":1,"minecraft:mob_kills":411,"minecraft:climb_one_cm":11156,"minecraft:walk_one_cm":4007725,"minecraft:walk_under_water_one_cm":77568,"minecraft:boat_one_cm":530770,"minecraft:pot_flower":4,"minecraft:damage_taken":42654},"minecraft:killed":{"minecraft:cave_spider":2,"thehorrid:fakeleech":23,"minecraft:skeleton":80,"minecraft:chicken":19,"man:managgresive":1,"minecraft:pillager":8,"minecraft:zombie":89,"minecraft:cow":22,"minecraft:horse":5,"mimicer:mimicer":11,"thehorrid:fleshleech":5,"minecraft:wandering_trader":2,"assimilator:assimilator":1,"minecraft:enderman":4,"minecraft:spider":22,"minecraft:pig":4,"minecraft:creeper":74,"minecraft:sheep":8,"minecraft:trader_llama":5,"apollyon:the_damned":3,"minecraft:drowned":1,"sackman:sackman":3},"minecraft:broken":{"minecraft:iron_boots":2,"minecraft:iron_chestplate":1,"minecraft:iron_leggings":1,"minecraft:iron_sword":2,"minecraft:stone_sword":1,"minecraft:shield":1,"minecraft:iron_axe":1,"minecraft:iron_pickaxe":13,"minecraft:iron_helmet":1,"minecraft:stone_pickaxe":21,"minecraft:stone_axe":10,"minecraft:stone_shovel":9},"minecraft:dropped":{"sophisticatedbackpacks:iron_backpack":2,"minecraft:iron_sword":3,"minecraft:lapis_lazuli":160,"minecraft:cooked_beef":13,"minecraft:leather_helmet":3,"minecraft:dirt":71,"minecraft:iron_pickaxe":2,"minecraft:dark_oak_planks":7,"minecraft:bone":5,"minecraft:stone_axe":5,"minecraft:goat_horn":1,"minecraft:sugar_cane":9,"minecraft:cooked_chicken":4,"minecraft:cobbled_deepslate":9,"minecraft:wheat":1,"minecraft:rotten_flesh":55,"minecraft:oak_planks":54,"minecraft:light_gray_carpet":1,"minecraft:white_bed":2,"minecraft:acacia_sapling":1,"minecraft:ladder":1,"minecraft:leather_leggings":1,"minecraft:cartography_table":1,"minecraft:egg":4,"tacz:attachment":1,"minecraft:iron_ingot":87,"minecraft:enchanted_book":1,"minecraft:golden_boots":1,"minecraft:wheat_seeds":937,"minecraft:oak_fence":5,"minecraft:cobblestone":468,"minecraft:granite":10,"minecraft:coal":20,"minecraft:acacia_sign":3,"minecraft:oak_stairs":24,"minecraft:chainmail_leggings":1,"minecraft:string":1,"minecraft:acacia_planks":44,"minecraft:stone_sword":3,"cozy_home:table_oak_single":1,"minecraft:diamond_hoe":2,"minecraft:stone_shovel":2,"sophisticatedbackpacks:backpack":7,"minecraft:shears":1,"minecraft:stone":39,"minecraft:spruce_planks":5,"minecraft:spider_eye":4,"minecraft:bow":4,"minecraft:oak_log":79,"minecraft:music_disc_13":1,"minecraft:flint":6,"minecraft:cobblestone_stairs":1,"cfm:oak_upgraded_fence":344,"minecraft:gold_ingot":13,"minecraft:gravel":98,"minecraft:chainmail_chestplate":1,"minecraft:oak_fence_gate":4,"minecraft:gunpowder":153,"securitycraft:camera_monitor":1,"minecraft:arrow":7,"minecraft:water_bucket":1,"minecraft:bread":117,"minecraft:oak_slab":30,"minecraft:diamond_leggings":1,"minecraft:amethyst_block":2,"minecraft:copper_ingot":26,"minecraft:acacia_log":17,"minecraft:stick":9,"minecraft:diorite":6,"minecraft:torch":25,"minecraft:iron_leggings":1,"tacz:modern_kinetic_gun":4,"minecraft:iron_axe":1,"sophisticatedbackpacks:crafting_upgrade":1,"minecraft:bucket":4,"minecraft:smooth_basalt":1,"minecraft:dandelion":2,"minecraft:redstone":24,"minecraft:raw_copper":4,"minecraft:tuff":3,"minecraft:raw_iron":25,"minecraft:acacia_leaves":1,"minecraft:glass_pane":16,"man:tearoftheman":2,"minecraft:iron_chestplate":2,"minecraft:andesite":23,"minecraft:golden_leggings":1,"minecraft:oak_sapling":4,"minecraft:stone_pickaxe":4,"minecraft:wooden_pickaxe":1,"minecraft:calcite":1},"minecraft:used":{"cfm:oak_mail_box":1,"sophisticatedbackpacks:copper_backpack":5,"minecraft:poppy":3,"minecraft:chest":14,"cozy_home:oak_planked_wall":14,"cfm:oak_desk":6,"minecraft:acacia_sapling":6,"minecraft:lava_bucket":1,"minecraft:grass_block":1,"minecraft:birch_sapling":1,"minecraft:stone_brick_stairs":293,"minecraft:bow":6,"minecraft:furnace":25,"minecraft:oak_sapling":13,"minecraft:egg":12,"minecraft:potato":63,"minecraft:diorite":375,"cozy_home:lamp_white":5,"minecraft:acacia_trapdoor":5,"minecraft:wooden_pickaxe":7,"cfm:oak_kitchen_drawer":4,"handcrafted:acacia_couch":12,"minecraft:sand":1,"minecraft:blast_furnace":4,"minecraft:lightning_rod":1,"handcrafted:hammer":27,"minecraft:stone_button":12,"cozy_home:grandfather_clock_oak_bottom":1,"cfm:oak_upgraded_gate":3,"minecraft:oak_boat":21,"handcrafted:acacia_table":5,"minecraft:oak_trapdoor":12,"minecraft:enchanting_table":1,"minecraft:stone_sword":101,"minecraft:acacia_log":7,"minecraft:orange_bed":6,"minecraft:torch":1381,"minecraft:anvil":1,"minecraft:yellow_carpet":76,"minecraft:golden_shovel":1,"minecraft:oak_fence_gate":14,"cfm:oak_bedside_cabinet":3,"handcrafted:acacia_dining_bench":4,"minecraft:iron_axe":256,"minecraft:smooth_basalt":10,"minecraft:bamboo":9,"cfm:fridge_light":1,"tombstone:gift":14,"minecraft:acacia_planks":3,"minecraft:cobbled_deepslate":421,"minecraft:pointed_dripstone":4,"minecraft:calcite":79,"minecraft:wheat_seeds":817,"minecraft:water_bucket":335,"minecraft:bundle":2,"minecraft:lead":1,"minecraft:rail":2,"minecraft:oak_slab":135,"minecraft:crafting_table":24,"minecraft:red_bed":10,"minecraft:white_bed":150,"minecraft:oak_log":726,"minecraft:diamond_pickaxe":830,"minecraft:cornflower":1,"minecraft:oxeye_daisy":1,"minecraft:acacia_sign":1,"cfm:white_sofa":10,"handcrafted:oak_drawer":6,"minecraft:iron_pickaxe":3320,"tombstone:magic_scroll":2,"minecraft:crimson_sign":1,"minecraft:chiseled_stone_bricks":93,"handcrafted:oak_pillar_trim":5,"minecraft:cobblestone":3275,"minecraft:cooked_porkchop":7,"minecraft:dandelion":3,"minecraft:iron_shovel":208,"minecraft:diamond_hoe":11,"minecraft:white_concrete_powder":16,"minecraft:shield":146,"minecraft:iron_sword":508,"handcrafted:oak_shelf":4,"minecraft:iron_chestplate":6,"minecraft:mutton":6,"minecraft:tuff":2,"cfm:door_mat":1,"minecraft:lantern":45,"minecraft:stone_bricks":1001,"minecraft:item_frame":5,"minecraft:hay_block":1,"minecraft:gold_block":2,"handcrafted:wood_plate":4,"cozy_home:plank_oak_0":80,"minecraft:gray_carpet":31,"minecraft:stone_pickaxe":2840,"minecraft:oak_planks":1948,"minecraft:diamond_axe":222,"minecraft:white_wool":18,"handcrafted:oak_corner_trim":9,"minecraft:dripstone_block":3,"minecraft:stone_brick_wall":126,"minecraft:shears":106,"cfm:oak_chair":8,"cfm:oak_kitchen_counter":18,"minecraft:redstone_torch":4,"sophisticatedbackpacks:backpack":3,"minecraft:bread":442,"minecraft:melon_slice":6,"cfm:oak_upgraded_fence":66,"tombstone:grave_key":1,"minecraft:gravel":8,"handcrafted:white_cushion":7,"handcrafted:oak_fancy_bed":16,"minecraft:andesite":6,"minecraft:oak_fence":130,"sophisticatedbackpacks:iron_backpack":17,"minecraft:stone_shovel":1295,"tacz:gun_smith_table":6,"minecraft:spruce_planks":2,"minecraft:sculk":6,"minecraft:cooked_chicken":4,"minecraft:oak_door":3,"minecraft:dirt":1168,"minecraft:white_carpet":104,"minecraft:granite":11,"minecraft:iron_hoe":53,"minecraft:stone_brick_slab":145,"cfm:oak_table":19,"cfm:oak_crate":2,"minecraft:oak_stairs":156,"cozy_home:table_oak_single":4,"cozy_home:table_stump_oak_single":9,"minecraft:cooked_beef":25,"minecraft:powder_snow_bucket":12,"minecraft:cooked_mutton":10,"minecraft:amethyst_block":6,"minecraft:cobblestone_stairs":1452,"minecraft:stonecutter":1,"cfm:oak_cabinet":15,"minecraft:smoker":8,"tombstone:bag_of_seeds":2,"minecraft:flower_pot":4,"minecraft:apple":1,"minecraft:chicken":1,"minecraft:stone_axe":1302,"minecraft:bucket":350,"minecraft:yellow_bed":1,"minecraft:gray_wool":77},"minecraft:picked_up":{"handcrafted:wood_plate":1,"minecraft:iron_chestplate":8,"minecraft:flower_pot":1,"minecraft:lead":13,"minecraft:oak_stairs":118,"minecraft:wither_rose":3,"minecraft:brewing_stand":1,"minecraft:amethyst_block":9,"minecraft:string":67,"minecraft:cobbled_deepslate":532,"cfm:oak_bedside_cabinet":2,"minecraft:spruce_planks":7,"minecraft:acacia_sign":1,"cozy_home:table_stump_oak_single":7,"minecraft:melon_slice":89,"minecraft:golden_helmet":1,"minecraft:acacia_log":177,"securitycraft:camera_monitor":1,"minecraft:cauldron":2,"minecraft:orange_bed":7,"minecraft:stone_sword":10,"minecraft:feather":34,"minecraft:cooked_beef":62,"minecraft:water_bucket":4,"minecraft:copper_block":15,"minecraft:acacia_leaves":1,"minecraft:brown_wool":2,"cfm:oak_table":8,"minecraft:smoker":2,"minecraft:flint":11,"minecraft:lantern":7,"cozy_home:table_oak_single":5,"handcrafted:acacia_board":64,"minecraft:stonecutter":2,"tacz:gun_smith_table":5,"cfm:oak_upgraded_fence":324,"sophisticatedbackpacks:iron_backpack":25,"minecraft:bundle":2,"man:tearoftheman":4,"handcrafted:acacia_table":3,"minecraft:granite":38,"minecraft:bread":198,"minecraft:light_gray_carpet":1,"sophisticatedbackpacks:gold_backpack":1,"minecraft:crafting_table":27,"minecraft:clay_ball":124,"minecraft:leather_leggings":1,"minecraft:cornflower":2,"minecraft:red_bed":10,"minecraft:white_carpet":11,"tacz:ammo":286,"minecraft:cartography_table":2,"minecraft:beef":52,"minecraft:poppy":11,"cozy_home:lamp_white":2,"minecraft:chest":4,"minecraft:birch_sapling":1,"minecraft:raw_copper_block":2,"minecraft:egg":27,"cfm:white_sofa":4,"minecraft:oak_door":2,"sophisticatedbackpacks:backpack":14,"minecraft:carrot":1,"minecraft:redstone":1291,"minecraft:stone_shovel":6,"minecraft:hay_block":81,"minecraft:gold_ingot":2,"sophisticatedbackpacks:copper_backpack":4,"minecraft:mutton":26,"minecraft:white_wool":172,"minecraft:rail":3,"minecraft:oxeye_daisy":2,"minecraft:clock":1,"cfm:oak_cabinet":9,"cfm:oak_upgraded_gate":1,"minecraft:yellow_dye":4,"minecraft:filled_map":2,"minecraft:oak_log":2609,"minecraft:golden_boots":1,"minecraft:white_banner":1,"minecraft:stone_bricks":405,"minecraft:apple":11,"minecraft:stone_pickaxe":18,"minecraft:oak_fence_gate":8,"tombstone:bag_of_seeds":1,"minecraft:iron_sword":10,"handcrafted:white_cushion":5,"minecraft:smooth_basalt":13,"minecraft:gravel":135,"minecraft:spruce_log":2,"minecraft:leather_helmet":4,"minecraft:stone_axe":19,"tacz:modern_kinetic_gun":24,"minecraft:gray_wool":100,"minecraft:ender_pearl":5,"minecraft:wheat":689,"handcrafted:oak_corner_trim":5,"minecraft:stone_brick_stairs":59,"minecraft:raw_copper":1269,"cfm:oak_kitchen_counter":8,"handcrafted:oak_pillar_trim":1,"minecraft:bucket":3,"minecraft:redstone_torch":4,"minecraft:calcite":87,"minecraft:iron_pickaxe":5,"handcrafted:acacia_dining_bench":2,"minecraft:furnace":18,"minecraft:iron_boots":1,"minecraft:stick":176,"minecraft:oak_fence":123,"minecraft:torch":449,"minecraft:porkchop":6,"tacz:attachment":13,"minecraft:pointed_dripstone":4,"tombstone:grave_dust":11,"minecraft:diorite":741,"minecraft:rotten_flesh":115,"minecraft:obsidian":14,"minecraft:cobblestone":7571,"minecraft:andesite":38,"minecraft:golden_leggings":2,"minecraft:potato":86,"minecraft:tuff":6,"minecraft:light_gray_dye":1,"minecraft:lapis_lazuli":1076,"minecraft:dirt":2192,"minecraft:name_tag":1,"minecraft:bone":81,"minecraft:acacia_planks":20,"minecraft:bow":7,"minecraft:wheat_seeds":2000,"minecraft:raw_gold":183,"minecraft:bamboo":162,"minecraft:oak_planks":439,"minecraft:cooked_porkchop":23,"minecraft:sand":73,"minecraft:grass_block":1,"minecraft:yellow_carpet":10,"minecraft:diamond":56,"minecraft:crossbow":1,"minecraft:golden_apple":1,"minecraft:white_concrete":16,"minecraft:emerald":1,"minecraft:oak_sapling":116,"minecraft:cocoa_beans":10,"minecraft:charcoal":4,"minecraft:chicken":19,"minecraft:ladder":1,"minecraft:stone_brick_wall":276,"minecraft:gold_block":11,"minecraft:shield":9,"minecraft:iron_axe":1,"minecraft:item_frame":2,"handcrafted:oak_shelf":3,"minecraft:oak_boat":23,"minecraft:sugar_cane":130,"minecraft:raw_iron":871,"minecraft:copper_ingot":70,"minecraft:stone_button":9,"minecraft:dark_oak_planks":7,"minecraft:arrow":77,"minecraft:leather":45,"cfm:oak_chair":4,"cozy_home:oak_planked_wall":6,"minecraft:chainmail_chestplate":1,"minecraft:yellow_bed":1,"minecraft:gunpowder":98,"minecraft:cobblestone_stairs":357,"minecraft:cooked_mutton":4,"handcrafted:oak_drawer":4,"minecraft:gray_carpet":1,"minecraft:acacia_trapdoor":1,"cozy_home:plank_oak_0":29,"minecraft:iron_ingot":40,"handcrafted:oak_board":32,"minecraft:acacia_sapling":9,"minecraft:oak_slab":40,"handcrafted:oak_fancy_bed":14,"minecraft:pumpkin":6,"minecraft:chiseled_stone_bricks":62,"minecraft:stone_brick_slab":342,"minecraft:dandelion":91,"minecraft:dripstone_block":3,"minecraft:amethyst_shard":84,"minecraft:white_bed":150,"minecraft:spider_eye":10,"minecraft:chainmail_leggings":1,"tombstone:magic_scroll":4,"minecraft:coal":1021}},"DataVersion":3120}