{"stats":{"minecraft:dropped":{"sophisticatedbackpacks:iron_backpack":2,"minecraft:iron_sword":2,"minecraft:lapis_lazuli":64,"minecraft:cooked_beef":13,"minecraft:oak_log":16,"minecraft:leather_helmet":3,"minecraft:flint":4,"minecraft:dirt":66,"minecraft:iron_pickaxe":1,"minecraft:dark_oak_planks":7,"minecraft:bone":2,"minecraft:gravel":70,"minecraft:stone_axe":4,"minecraft:cooked_chicken":4,"minecraft:cobbled_deepslate":9,"minecraft:rotten_flesh":13,"minecraft:chainmail_chestplate":1,"minecraft:oak_fence_gate":2,"minecraft:gunpowder":21,"minecraft:arrow":7,"minecraft:egg":1,"minecraft:golden_boots":1,"minecraft:bread":94,"minecraft:wheat_seeds":4,"minecraft:oak_fence":4,"minecraft:cobblestone":392,"minecraft:granite":3,"minecraft:acacia_log":17,"minecraft:coal":20,"minecraft:acacia_sign":3,"minecraft:diorite":2,"minecraft:torch":14,"tacz:modern_kinetic_gun":1,"minecraft:iron_axe":1,"minecraft:string":1,"minecraft:acacia_planks":21,"minecraft:dandelion":2,"minecraft:stone_sword":3,"minecraft:stone_shovel":2,"minecraft:raw_iron":25,"sophisticatedbackpacks:backpack":7,"minecraft:spruce_planks":5,"minecraft:iron_chestplate":1,"minecraft:andesite":6,"minecraft:oak_sapling":4,"minecraft:spider_eye":2,"minecraft:bow":2,"minecraft:stone_pickaxe":4,"minecraft:wooden_pickaxe":1},"minecraft:custom":{"minecraft:animals_bred":3,"minecraft:interact_with_crafting_table":127,"minecraft:leave_game":14,"minecraft:time_since_death":6289,"minecraft:sprint_one_cm":2710419,"minecraft:damage_blocked_by_shield":945,"minecraft:drop":108,"minecraft:talked_to_villager":2,"minecraft:play_time":822422,"minecraft:deaths":27,"minecraft:jump":10488,"minecraft:walk_on_water_one_cm":39095,"minecraft:interact_with_furnace":146,"minecraft:sleep_in_bed":187,"minecraft:damage_dealt":11432,"minecraft:crouch_one_cm":555348,"minecraft:mob_kills":121,"minecraft:climb_one_cm":140,"minecraft:walk_one_cm":1777691,"minecraft:sneak_time":164751,"minecraft:walk_under_water_one_cm":10183,"minecraft:boat_one_cm":193236,"minecraft:total_world_time":822422,"minecraft:time_since_rest":6321,"minecraft:damage_taken":13585,"minecraft:swim_one_cm":31109,"minecraft:fly_one_cm":2081260,"minecraft:open_chest":300,"minecraft:fall_one_cm":242875},"minecraft:killed":{"minecraft:cave_spider":2,"thehorrid:fakeleech":6,"minecraft:spider":11,"minecraft:skeleton":21,"minecraft:chicken":9,"minecraft:pig":4,"minecraft:creeper":21,"minecraft:sheep":8,"minecraft:trader_llama":2,"minecraft:zombie":12,"minecraft:cow":9,"minecraft:horse":4,"thehorrid:fleshleech":1,"minecraft:wandering_trader":1,"minecraft:enderman":1},"minecraft:mined":{"minecraft:dark_oak_planks":10,"minecraft:spruce_planks":10,"minecraft:white_bed":5,"minecraft:oak_sapling":2,"minecraft:cobblestone_stairs":54,"minecraft:granite":13,"minecraft:acacia_log":34,"minecraft:grass_block":895,"minecraft:stone_brick_wall":9,"sophisticatedbackpacks:iron_backpack":6,"tacz:gun_smith_table":3,"minecraft:oxeye_daisy":2,"minecraft:spawner":2,"minecraft:cobbled_deepslate":3,"minecraft:iron_ore":79,"minecraft:fire":27,"minecraft:pumpkin":2,"minecraft:dark_oak_stairs":1,"minecraft:pointed_dripstone":1,"minecraft:oak_stairs":74,"minecraft:deepslate_redstone_ore":5,"minecraft:torch":21,"minecraft:poppy":3,"minecraft:cobblestone":634,"minecraft:sugar_cane":5,"minecraft:oak_planks":84,"minecraft:wall_torch":26,"minecraft:wheat":344,"minecraft:stone_brick_stairs":28,"minecraft:grass":373,"minecraft:oak_log":661,"minecraft:oak_fence_gate":5,"minecraft:sand":1,"minecraft:dirt":264,"minecraft:oak_leaves":151,"minecraft:deepslate":137,"minecraft:tuff":1,"minecraft:oak_door":2,"minecraft:sandstone":8,"minecraft:redstone_ore":9,"minecraft:furnace":5,"minecraft:andesite":9,"minecraft:gold_block":2,"minecraft:deepslate_iron_ore":10,"minecraft:rail":3,"minecraft:stone":906,"sophisticatedbackpacks:backpack":3,"minecraft:oak_slab":10,"minecraft:acacia_leaves":3,"minecraft:stone_brick_slab":11,"minecraft:dandelion":15,"minecraft:oak_fence":35,"minecraft:crafting_table":15,"minecraft:cornflower":2,"minecraft:tall_grass":21,"minecraft:copper_ore":92,"minecraft:lapis_ore":11,"minecraft:deepslate_gold_ore":13,"minecraft:diorite":41,"minecraft:spruce_stairs":5,"minecraft:spruce_log":2,"minecraft:birch_leaves":1,"minecraft:coal_ore":152,"minecraft:gravel":22,"minecraft:cobweb":26,"minecraft:stone_bricks":179,"minecraft:gold_ore":9},"minecraft:used":{"minecraft:poppy":3,"minecraft:chest":2,"minecraft:shield":23,"minecraft:iron_sword":82,"minecraft:iron_chestplate":4,"minecraft:mutton":6,"minecraft:acacia_sapling":6,"minecraft:lava_bucket":1,"minecraft:grass_block":1,"minecraft:birch_sapling":1,"minecraft:stone_brick_stairs":180,"minecraft:stone_bricks":618,"minecraft:bow":6,"minecraft:furnace":6,"minecraft:oak_sapling":13,"minecraft:gold_block":2,"minecraft:egg":11,"minecraft:diorite":236,"minecraft:stone_pickaxe":1691,"minecraft:oak_planks":1638,"minecraft:wooden_pickaxe":7,"minecraft:stone_brick_wall":67,"minecraft:lightning_rod":1,"sophisticatedbackpacks:backpack":3,"minecraft:bread":96,"minecraft:stone_button":11,"minecraft:gravel":4,"minecraft:oak_boat":14,"minecraft:oak_fence":104,"minecraft:oak_trapdoor":12,"sophisticatedbackpacks:iron_backpack":7,"minecraft:stone_sword":101,"minecraft:stone_shovel":1071,"tacz:gun_smith_table":3,"minecraft:spruce_planks":2,"minecraft:cooked_chicken":4,"minecraft:oak_door":2,"minecraft:orange_bed":2,"minecraft:torch":404,"minecraft:dirt":797,"minecraft:golden_shovel":1,"minecraft:granite":1,"minecraft:oak_fence_gate":14,"minecraft:stone_brick_slab":51,"minecraft:iron_axe":4,"minecraft:oak_stairs":148,"minecraft:bamboo":9,"minecraft:cooked_beef":25,"minecraft:cobbled_deepslate":56,"minecraft:wheat_seeds":362,"minecraft:cooked_mutton":10,"minecraft:water_bucket":56,"minecraft:cobblestone_stairs":614,"minecraft:rail":2,"minecraft:oak_slab":125,"minecraft:crafting_table":18,"minecraft:white_bed":128,"minecraft:oak_log":315,"minecraft:cornflower":1,"minecraft:apple":1,"minecraft:oxeye_daisy":1,"minecraft:acacia_sign":1,"minecraft:chicken":1,"minecraft:iron_pickaxe":754,"minecraft:stone_axe":1000,"minecraft:chiseled_stone_bricks":24,"minecraft:cobblestone":1679,"minecraft:cooked_porkchop":7,"minecraft:bucket":59,"minecraft:dandelion":3},"minecraft:killed_by":{"sackman:sackman":1,"minecraft:creeper":1,"sanitydim:rotting_stalker":3,"mimicer:mimicer":5,"siren_head:siren_head":1,"man:managgresive":2,"sanitydim:sneaking_terror":1,"minecraft:zombie":2,"minecraft:enderman":1,"thehorrid:horrid_hunter":1,"minecraft:skeleton":1,"assimilator:assimilator":3},"minecraft:crafted":{"minecraft:oak_planks":1368,"minecraft:cooked_chicken":8,"minecraft:lightning_rod":1,"minecraft:stone":424,"minecraft:cobblestone_stairs":24,"sophisticatedbackpacks:crafting_upgrade":1,"minecraft:cooked_mutton":10,"minecraft:stone_brick_slab":162,"minecraft:chest":2,"minecraft:chiseled_stone_bricks":33,"minecraft:stone_bricks":412,"minecraft:oak_fence":78,"minecraft:oak_slab":180,"sophisticatedbackpacks:backpack":6,"minecraft:cooked_porkchop":9,"minecraft:crafting_table":6,"minecraft:wooden_pickaxe":2,"minecraft:copper_ingot":268,"sophisticatedbackpacks:upgrade_base":1,"minecraft:stone_brick_stairs":84,"minecraft:yellow_dye":6,"minecraft:shield":1,"minecraft:stick":292,"minecraft:iron_ingot":28,"minecraft:iron_pickaxe":3,"minecraft:iron_block":1,"minecraft:stone_sword":2,"minecraft:light_gray_dye":1,"minecraft:oak_door":3,"minecraft:stone_shovel":9,"minecraft:stone_brick_wall":108,"minecraft:furnace":2,"minecraft:stone_button":12,"minecraft:raw_copper_block":31,"minecraft:oak_trapdoor":12,"minecraft:iron_axe":1,"minecraft:stone_pickaxe":11,"minecraft:wheat":279,"sophisticatedbackpacks:iron_backpack":1,"minecraft:cooked_beef":6,"tacz:gun_smith_table":1,"minecraft:bucket":2,"minecraft:stone_axe":7,"minecraft:bread":151,"minecraft:air":0,"minecraft:blue_dye":1,"minecraft:oak_boat":2,"minecraft:oak_fence_gate":9,"minecraft:acacia_sign":3,"minecraft:oak_stairs":40,"minecraft:white_bed":2,"minecraft:acacia_planks":68,"minecraft:torch":348},"minecraft:broken":{"minecraft:stone_pickaxe":12,"minecraft:stone_axe":7,"minecraft:stone_shovel":7,"minecraft:stone_sword":1,"minecraft:iron_pickaxe":3},"minecraft:picked_up":{"minecraft:iron_chestplate":6,"minecraft:wheat":311,"minecraft:lead":2,"minecraft:oak_stairs":94,"minecraft:stone_brick_stairs":36,"minecraft:string":60,"minecraft:raw_copper":539,"minecraft:cobbled_deepslate":170,"minecraft:spruce_planks":7,"minecraft:acacia_sign":1,"minecraft:iron_pickaxe":2,"minecraft:furnace":6,"minecraft:stick":113,"minecraft:oak_fence":86,"minecraft:torch":283,"minecraft:acacia_log":34,"minecraft:porkchop":6,"minecraft:diorite":587,"minecraft:orange_bed":2,"minecraft:stone_sword":10,"minecraft:rotten_flesh":31,"minecraft:cobblestone":4025,"minecraft:feather":24,"minecraft:cooked_beef":62,"minecraft:water_bucket":2,"minecraft:andesite":12,"minecraft:copper_block":15,"minecraft:potato":5,"minecraft:flint":6,"minecraft:tuff":1,"minecraft:light_gray_dye":1,"minecraft:lapis_lazuli":198,"minecraft:dirt":1754,"minecraft:name_tag":1,"minecraft:bone":40,"minecraft:acacia_planks":13,"minecraft:bow":3,"minecraft:wheat_seeds":912,"minecraft:raw_gold":26,"tacz:gun_smith_table":2,"minecraft:oak_planks":383,"minecraft:cooked_porkchop":23,"sophisticatedbackpacks:iron_backpack":15,"minecraft:grass_block":1,"minecraft:granite":16,"minecraft:bread":132,"minecraft:oak_sapling":66,"minecraft:cocoa_beans":10,"minecraft:charcoal":4,"minecraft:crafting_table":24,"minecraft:chicken":9,"minecraft:stone_brick_wall":225,"minecraft:gold_block":2,"minecraft:shield":7,"minecraft:cornflower":2,"minecraft:iron_axe":1,"tacz:ammo":236,"minecraft:beef":24,"minecraft:oak_boat":16,"minecraft:poppy":6,"minecraft:chest":3,"minecraft:sugar_cane":41,"minecraft:birch_sapling":1,"minecraft:egg":23,"minecraft:raw_iron":117,"minecraft:oak_door":2,"minecraft:copper_ingot":46,"sophisticatedbackpacks:backpack":14,"minecraft:stone_button":8,"minecraft:carrot":1,"minecraft:redstone":62,"minecraft:dark_oak_planks":7,"minecraft:arrow":42,"minecraft:stone_shovel":5,"minecraft:gold_ingot":2,"minecraft:mutton":26,"minecraft:white_wool":7,"minecraft:rail":3,"minecraft:oxeye_daisy":2,"minecraft:leather":30,"minecraft:yellow_dye":4,"minecraft:oak_log":2020,"minecraft:chainmail_chestplate":1,"minecraft:golden_boots":1,"minecraft:gunpowder":33,"minecraft:cobblestone_stairs":113,"minecraft:cooked_mutton":4,"minecraft:stone_bricks":312,"minecraft:apple":4,"minecraft:oak_fence_gate":7,"minecraft:iron_ingot":17,"minecraft:stone_pickaxe":17,"minecraft:acacia_sapling":6,"minecraft:iron_sword":8,"minecraft:oak_slab":27,"minecraft:pumpkin":6,"minecraft:chiseled_stone_bricks":47,"minecraft:stone_brick_slab":275,"minecraft:dandelion":17,"minecraft:gravel":94,"minecraft:white_bed":128,"minecraft:spruce_log":2,"minecraft:spider_eye":6,"minecraft:leather_helmet":4,"minecraft:stone_axe":17,"tacz:modern_kinetic_gun":6,"minecraft:gray_wool":3,"minecraft:coal":343,"minecraft:ender_pearl":3}},"DataVersion":3120}