{"stats":{"minecraft:custom":{"minecraft:animals_bred":3,"minecraft:interact_with_crafting_table":122,"minecraft:leave_game":10,"minecraft:time_since_death":9042,"minecraft:sprint_one_cm":1973279,"minecraft:damage_blocked_by_shield":945,"minecraft:drop":91,"minecraft:talked_to_villager":2,"minecraft:play_time":633885,"minecraft:deaths":19,"minecraft:jump":7954,"minecraft:walk_on_water_one_cm":35030,"minecraft:interact_with_furnace":132,"minecraft:sleep_in_bed":171,"minecraft:damage_dealt":9952,"minecraft:crouch_one_cm":379635,"minecraft:mob_kills":94,"minecraft:walk_one_cm":1419654,"minecraft:sneak_time":114486,"minecraft:walk_under_water_one_cm":9709,"minecraft:boat_one_cm":193236,"minecraft:total_world_time":633885,"minecraft:time_since_rest":6081,"minecraft:damage_taken":10783,"minecraft:swim_one_cm":31109,"minecraft:fly_one_cm":1564212,"minecraft:open_chest":239,"minecraft:fall_one_cm":194602},"minecraft:picked_up":{"minecraft:iron_chestplate":6,"minecraft:wheat":9,"minecraft:lead":2,"minecraft:oak_stairs":85,"minecraft:stone_brick_stairs":25,"minecraft:string":59,"minecraft:raw_copper":539,"minecraft:cobbled_deepslate":170,"minecraft:spruce_planks":7,"minecraft:acacia_sign":1,"minecraft:iron_pickaxe":2,"minecraft:furnace":6,"minecraft:stick":38,"minecraft:oak_fence":41,"minecraft:torch":199,"minecraft:acacia_log":34,"minecraft:porkchop":6,"minecraft:diorite":75,"minecraft:stone_sword":10,"minecraft:rotten_flesh":26,"minecraft:cobblestone":2033,"minecraft:feather":24,"minecraft:cooked_beef":62,"minecraft:andesite":12,"minecraft:copper_block":15,"minecraft:potato":5,"minecraft:flint":6,"minecraft:tuff":1,"minecraft:light_gray_dye":1,"minecraft:lapis_lazuli":198,"minecraft:dirt":1582,"minecraft:name_tag":1,"minecraft:bone":28,"minecraft:acacia_planks":13,"minecraft:bow":3,"minecraft:wheat_seeds":81,"minecraft:raw_gold":26,"tacz:gun_smith_table":2,"minecraft:oak_planks":351,"minecraft:cooked_porkchop":23,"sophisticatedbackpacks:iron_backpack":10,"minecraft:granite":16,"minecraft:bread":101,"minecraft:oak_sapling":45,"minecraft:cocoa_beans":10,"minecraft:charcoal":4,"minecraft:crafting_table":24,"minecraft:chicken":9,"minecraft:stone_brick_wall":103,"minecraft:gold_block":2,"minecraft:shield":7,"minecraft:cornflower":2,"minecraft:iron_axe":1,"tacz:ammo":138,"minecraft:beef":24,"minecraft:oak_boat":16,"minecraft:poppy":6,"minecraft:sugar_cane":41,"minecraft:chest":3,"minecraft:birch_sapling":1,"minecraft:egg":22,"minecraft:raw_iron":117,"minecraft:oak_door":2,"minecraft:copper_ingot":46,"sophisticatedbackpacks:backpack":14,"minecraft:stone_button":8,"minecraft:carrot":1,"minecraft:redstone":62,"minecraft:dark_oak_planks":7,"minecraft:arrow":32,"minecraft:stone_shovel":3,"minecraft:gold_ingot":2,"minecraft:mutton":26,"minecraft:rail":3,"minecraft:white_wool":7,"minecraft:oxeye_daisy":2,"minecraft:leather":30,"minecraft:yellow_dye":4,"minecraft:oak_log":1491,"minecraft:golden_boots":1,"minecraft:gunpowder":21,"minecraft:cobblestone_stairs":74,"minecraft:cooked_mutton":4,"minecraft:stone_bricks":307,"minecraft:apple":2,"minecraft:oak_fence_gate":7,"minecraft:iron_ingot":17,"minecraft:stone_pickaxe":15,"minecraft:acacia_sapling":6,"minecraft:iron_sword":6,"minecraft:oak_slab":25,"minecraft:pumpkin":6,"minecraft:chiseled_stone_bricks":29,"minecraft:stone_brick_slab":143,"minecraft:dandelion":14,"minecraft:gravel":94,"minecraft:white_bed":127,"minecraft:spruce_log":2,"minecraft:spider_eye":6,"minecraft:leather_helmet":4,"minecraft:stone_axe":15,"tacz:modern_kinetic_gun":4,"minecraft:gray_wool":3,"minecraft:coal":343,"minecraft:ender_pearl":3},"minecraft:crafted":{"minecraft:oak_planks":1368,"minecraft:cooked_chicken":8,"minecraft:lightning_rod":1,"minecraft:stone":296,"minecraft:cobblestone_stairs":24,"sophisticatedbackpacks:crafting_upgrade":1,"minecraft:cooked_mutton":10,"minecraft:stone_brick_slab":162,"minecraft:chest":2,"minecraft:chiseled_stone_bricks":33,"minecraft:stone_bricks":284,"minecraft:oak_fence":78,"minecraft:oak_slab":180,"sophisticatedbackpacks:backpack":6,"minecraft:cooked_porkchop":9,"minecraft:crafting_table":6,"minecraft:wooden_pickaxe":2,"minecraft:copper_ingot":37,"sophisticatedbackpacks:upgrade_base":1,"minecraft:stone_brick_stairs":84,"minecraft:yellow_dye":6,"minecraft:shield":1,"minecraft:stick":292,"minecraft:iron_ingot":28,"minecraft:iron_pickaxe":3,"minecraft:iron_block":1,"minecraft:stone_sword":2,"minecraft:light_gray_dye":1,"minecraft:oak_door":3,"minecraft:stone_shovel":9,"minecraft:stone_brick_wall":108,"minecraft:furnace":2,"minecraft:stone_button":12,"minecraft:raw_copper_block":31,"minecraft:oak_trapdoor":12,"minecraft:iron_axe":1,"minecraft:stone_pickaxe":10,"minecraft:wheat":279,"sophisticatedbackpacks:iron_backpack":1,"minecraft:cooked_beef":6,"tacz:gun_smith_table":1,"minecraft:bucket":1,"minecraft:stone_axe":7,"minecraft:bread":96,"minecraft:air":0,"minecraft:blue_dye":1,"minecraft:oak_boat":2,"minecraft:oak_fence_gate":9,"minecraft:acacia_sign":3,"minecraft:oak_stairs":40,"minecraft:white_bed":2,"minecraft:acacia_planks":68,"minecraft:torch":348},"minecraft:killed":{"minecraft:cave_spider":2,"thehorrid:fakeleech":4,"minecraft:spider":8,"minecraft:skeleton":13,"minecraft:chicken":9,"minecraft:pig":4,"minecraft:creeper":12,"minecraft:sheep":8,"minecraft:trader_llama":2,"minecraft:zombie":10,"minecraft:cow":9,"minecraft:horse":4,"thehorrid:fleshleech":1,"minecraft:wandering_trader":1,"minecraft:enderman":1},"minecraft:mined":{"minecraft:dark_oak_planks":10,"minecraft:spruce_planks":10,"minecraft:white_bed":5,"minecraft:oak_sapling":2,"minecraft:cobblestone_stairs":15,"minecraft:granite":13,"minecraft:acacia_log":34,"minecraft:grass_block":864,"minecraft:stone_brick_wall":7,"sophisticatedbackpacks:iron_backpack":3,"tacz:gun_smith_table":3,"minecraft:oxeye_daisy":2,"minecraft:spawner":2,"minecraft:cobbled_deepslate":3,"minecraft:iron_ore":79,"minecraft:fire":27,"minecraft:pumpkin":2,"minecraft:dark_oak_stairs":1,"minecraft:pointed_dripstone":1,"minecraft:oak_stairs":73,"minecraft:deepslate_redstone_ore":5,"minecraft:torch":19,"minecraft:poppy":3,"minecraft:cobblestone":345,"minecraft:sugar_cane":5,"minecraft:oak_planks":56,"minecraft:wall_torch":25,"minecraft:wheat":10,"minecraft:stone_brick_stairs":20,"minecraft:grass":351,"minecraft:oak_log":599,"minecraft:oak_fence_gate":5,"minecraft:sand":1,"minecraft:dirt":187,"minecraft:oak_leaves":67,"minecraft:deepslate":137,"minecraft:tuff":1,"minecraft:oak_door":2,"minecraft:sandstone":8,"minecraft:redstone_ore":9,"minecraft:furnace":5,"minecraft:andesite":9,"minecraft:gold_block":2,"minecraft:deepslate_iron_ore":10,"minecraft:rail":3,"minecraft:stone":898,"sophisticatedbackpacks:backpack":3,"minecraft:oak_slab":10,"minecraft:acacia_leaves":3,"minecraft:stone_brick_slab":7,"minecraft:dandelion":14,"minecraft:oak_fence":13,"minecraft:crafting_table":15,"minecraft:cornflower":2,"minecraft:tall_grass":21,"minecraft:copper_ore":92,"minecraft:lapis_ore":11,"minecraft:deepslate_gold_ore":13,"minecraft:diorite":31,"minecraft:spruce_stairs":5,"minecraft:spruce_log":2,"minecraft:birch_leaves":1,"minecraft:coal_ore":152,"minecraft:gravel":22,"minecraft:cobweb":26,"minecraft:stone_bricks":178,"minecraft:gold_ore":9},"minecraft:killed_by":{"sackman:sackman":1,"minecraft:creeper":1,"sanitydim:rotting_stalker":3,"mimicer:mimicer":1,"siren_head:siren_head":1,"man:managgresive":1,"sanitydim:sneaking_terror":1,"minecraft:zombie":2,"minecraft:enderman":1,"thehorrid:horrid_hunter":1,"minecraft:skeleton":1,"assimilator:assimilator":2},"minecraft:broken":{"minecraft:stone_pickaxe":9,"minecraft:stone_axe":6,"minecraft:stone_shovel":6,"minecraft:stone_sword":1,"minecraft:iron_pickaxe":3},"minecraft:used":{"minecraft:poppy":3,"minecraft:shield":23,"minecraft:iron_sword":53,"minecraft:iron_chestplate":4,"minecraft:mutton":6,"minecraft:acacia_sapling":6,"minecraft:birch_sapling":1,"minecraft:stone_brick_stairs":127,"minecraft:stone_bricks":598,"minecraft:bow":6,"minecraft:furnace":6,"minecraft:oak_sapling":13,"minecraft:gold_block":2,"minecraft:egg":11,"minecraft:diorite":9,"minecraft:stone_pickaxe":1330,"minecraft:oak_planks":1030,"minecraft:wooden_pickaxe":7,"minecraft:stone_brick_wall":55,"minecraft:lightning_rod":1,"sophisticatedbackpacks:backpack":3,"minecraft:bread":55,"minecraft:stone_button":11,"minecraft:gravel":4,"minecraft:oak_boat":13,"minecraft:oak_fence":58,"minecraft:oak_trapdoor":12,"sophisticatedbackpacks:iron_backpack":4,"minecraft:stone_sword":101,"minecraft:stone_shovel":957,"tacz:gun_smith_table":3,"minecraft:spruce_planks":2,"minecraft:cooked_chicken":4,"minecraft:oak_door":2,"minecraft:torch":350,"minecraft:dirt":627,"minecraft:granite":1,"minecraft:oak_fence_gate":14,"minecraft:stone_brick_slab":39,"minecraft:iron_axe":4,"minecraft:oak_stairs":109,"minecraft:bamboo":9,"minecraft:cooked_beef":25,"minecraft:cobbled_deepslate":56,"minecraft:wheat_seeds":9,"minecraft:cooked_mutton":10,"minecraft:water_bucket":11,"minecraft:cobblestone_stairs":61,"minecraft:rail":2,"minecraft:oak_slab":125,"minecraft:crafting_table":18,"minecraft:white_bed":127,"minecraft:oak_log":255,"minecraft:cornflower":1,"minecraft:apple":1,"minecraft:oxeye_daisy":1,"minecraft:acacia_sign":1,"minecraft:chicken":1,"minecraft:iron_pickaxe":754,"minecraft:stone_axe":878,"minecraft:chiseled_stone_bricks":24,"minecraft:cobblestone":1236,"minecraft:cooked_porkchop":7,"minecraft:bucket":12,"minecraft:dandelion":3},"minecraft:dropped":{"sophisticatedbackpacks:iron_backpack":2,"minecraft:iron_sword":2,"minecraft:lapis_lazuli":64,"minecraft:cooked_beef":13,"minecraft:oak_log":16,"minecraft:leather_helmet":3,"minecraft:flint":4,"minecraft:dirt":66,"minecraft:iron_pickaxe":1,"minecraft:dark_oak_planks":7,"minecraft:gravel":70,"minecraft:stone_axe":4,"minecraft:cooked_chicken":4,"minecraft:cobbled_deepslate":9,"minecraft:rotten_flesh":12,"minecraft:oak_fence_gate":2,"minecraft:gunpowder":4,"minecraft:arrow":7,"minecraft:golden_boots":1,"minecraft:bread":94,"minecraft:wheat_seeds":2,"minecraft:oak_fence":4,"minecraft:cobblestone":328,"minecraft:granite":3,"minecraft:acacia_log":17,"minecraft:coal":20,"minecraft:acacia_sign":3,"minecraft:diorite":2,"minecraft:torch":14,"tacz:modern_kinetic_gun":1,"minecraft:iron_axe":1,"minecraft:string":1,"minecraft:acacia_planks":21,"minecraft:stone_sword":3,"minecraft:stone_shovel":2,"minecraft:raw_iron":25,"sophisticatedbackpacks:backpack":7,"minecraft:spruce_planks":5,"minecraft:iron_chestplate":1,"minecraft:andesite":6,"minecraft:spider_eye":2,"minecraft:bow":2,"minecraft:stone_pickaxe":4,"minecraft:wooden_pickaxe":1}},"DataVersion":3120}