{"stats":{"minecraft:dropped":{"minecraft:bread":32,"minecraft:wheat_seeds":1,"minecraft:cooked_beef":13,"minecraft:cobblestone":61,"minecraft:acacia_log":17,"minecraft:leather_helmet":1,"minecraft:dirt":66,"minecraft:torch":14,"minecraft:string":1,"minecraft:dark_oak_planks":7,"minecraft:stone_axe":2,"minecraft:cooked_chicken":4,"minecraft:stone_sword":1,"minecraft:rotten_flesh":1,"sophisticatedbackpacks:backpack":5,"minecraft:oak_fence_gate":2,"minecraft:gunpowder":2,"minecraft:spruce_planks":5,"minecraft:spider_eye":1,"minecraft:wooden_pickaxe":1,"minecraft:stone_pickaxe":2},"minecraft:custom":{"minecraft:mob_kills":48,"minecraft:animals_bred":3,"minecraft:interact_with_crafting_table":88,"minecraft:leave_game":6,"minecraft:time_since_death":37480,"minecraft:sprint_one_cm":1143515,"minecraft:walk_one_cm":787152,"minecraft:drop":31,"minecraft:talked_to_villager":1,"minecraft:play_time":333464,"minecraft:deaths":9,"minecraft:sneak_time":44554,"minecraft:walk_under_water_one_cm":8708,"minecraft:boat_one_cm":174490,"minecraft:jump":4584,"minecraft:walk_on_water_one_cm":27331,"minecraft:total_world_time":333464,"minecraft:interact_with_furnace":109,"minecraft:sleep_in_bed":38,"minecraft:time_since_rest":17502,"minecraft:damage_taken":5075,"minecraft:damage_dealt":6313,"minecraft:swim_one_cm":27142,"minecraft:fly_one_cm":1067698,"minecraft:open_chest":141,"minecraft:crouch_one_cm":146618,"minecraft:fall_one_cm":105442},"minecraft:killed":{"minecraft:cave_spider":2,"thehorrid:fakeleech":1,"minecraft:spider":5,"minecraft:skeleton":4,"minecraft:horse":4,"minecraft:chicken":9,"minecraft:pig":4,"minecraft:creeper":5,"minecraft:sheep":8,"minecraft:zombie":4,"minecraft:cow":2},"minecraft:mined":{"minecraft:dark_oak_planks":10,"minecraft:spruce_planks":10,"minecraft:white_bed":3,"minecraft:oak_door":2,"minecraft:granite":1,"minecraft:acacia_log":34,"minecraft:grass_block":862,"tacz:gun_smith_table":2,"minecraft:oxeye_daisy":2,"minecraft:sandstone":8,"minecraft:spawner":2,"minecraft:furnace":5,"minecraft:iron_ore":55,"minecraft:fire":13,"minecraft:pumpkin":2,"minecraft:gold_block":2,"minecraft:dark_oak_stairs":1,"minecraft:pointed_dripstone":1,"minecraft:rail":3,"minecraft:oak_stairs":5,"minecraft:stone":632,"sophisticatedbackpacks:backpack":2,"minecraft:oak_slab":7,"minecraft:acacia_leaves":3,"minecraft:dandelion":13,"minecraft:oak_fence":4,"minecraft:crafting_table":14,"minecraft:cornflower":2,"minecraft:torch":16,"minecraft:poppy":3,"minecraft:tall_grass":20,"minecraft:copper_ore":92,"minecraft:cobblestone":169,"minecraft:lapis_ore":7,"minecraft:sugar_cane":5,"minecraft:oak_planks":20,"minecraft:diorite":22,"minecraft:wall_torch":21,"minecraft:spruce_stairs":5,"minecraft:spruce_log":2,"minecraft:grass":345,"minecraft:oak_log":342,"minecraft:coal_ore":152,"minecraft:oak_fence_gate":5,"minecraft:sand":1,"minecraft:dirt":82,"minecraft:cobweb":26,"minecraft:stone_bricks":17,"minecraft:gold_ore":8,"minecraft:oak_leaves":27},"minecraft:used":{"minecraft:oak_trapdoor":6,"minecraft:oak_fence":30,"minecraft:stone_sword":100,"minecraft:stone_shovel":908,"minecraft:poppy":3,"tacz:gun_smith_table":3,"minecraft:spruce_planks":2,"minecraft:cooked_chicken":4,"minecraft:oak_door":2,"minecraft:torch":188,"minecraft:dirt":505,"minecraft:mutton":6,"minecraft:acacia_sapling":6,"minecraft:granite":1,"minecraft:oak_fence_gate":14,"minecraft:iron_axe":3,"minecraft:oak_stairs":34,"minecraft:stone_bricks":149,"minecraft:bamboo":9,"minecraft:oak_sapling":1,"minecraft:furnace":6,"minecraft:gold_block":2,"minecraft:egg":10,"minecraft:cooked_beef":14,"minecraft:cooked_mutton":10,"minecraft:water_bucket":9,"minecraft:diorite":4,"minecraft:stone_pickaxe":685,"minecraft:oak_planks":336,"minecraft:wooden_pickaxe":3,"minecraft:rail":2,"minecraft:oak_slab":125,"minecraft:crafting_table":15,"minecraft:white_bed":9,"minecraft:lightning_rod":1,"minecraft:oak_log":141,"sophisticatedbackpacks:backpack":2,"minecraft:cornflower":1,"minecraft:oxeye_daisy":1,"minecraft:acacia_sign":1,"minecraft:chicken":1,"minecraft:bread":8,"minecraft:iron_pickaxe":505,"minecraft:stone_button":11,"minecraft:stone_axe":506,"minecraft:cobblestone":518,"minecraft:cooked_porkchop":7,"minecraft:bucket":10,"minecraft:oak_boat":10,"minecraft:dandelion":2},"minecraft:killed_by":{"sanitydim:rotting_stalker":3,"siren_head:siren_head":1,"man:managgresive":1,"sanitydim:sneaking_terror":1,"assimilator:assimilator":2},"minecraft:crafted":{"minecraft:oak_door":3,"minecraft:oak_planks":660,"minecraft:stone_shovel":9,"minecraft:cooked_chicken":8,"minecraft:lightning_rod":1,"minecraft:furnace":2,"minecraft:stone_button":12,"minecraft:stone":144,"minecraft:raw_copper_block":31,"minecraft:cooked_mutton":10,"minecraft:oak_trapdoor":6,"minecraft:iron_axe":1,"minecraft:stone_pickaxe":5,"minecraft:chest":1,"minecraft:stone_bricks":132,"minecraft:oak_fence":30,"minecraft:wheat":198,"minecraft:cooked_beef":6,"minecraft:oak_slab":180,"sophisticatedbackpacks:backpack":6,"minecraft:cooked_porkchop":9,"minecraft:crafting_table":3,"minecraft:wooden_pickaxe":1,"tacz:gun_smith_table":1,"minecraft:bucket":1,"minecraft:stone_axe":4,"minecraft:bread":64,"minecraft:air":0,"minecraft:blue_dye":1,"minecraft:oak_fence_gate":9,"minecraft:oak_boat":2,"minecraft:acacia_sign":3,"minecraft:yellow_dye":6,"minecraft:shield":1,"minecraft:stick":136,"minecraft:iron_ingot":28,"minecraft:iron_pickaxe":3,"minecraft:oak_stairs":40,"minecraft:iron_block":1,"minecraft:stone_sword":2,"minecraft:light_gray_dye":1,"minecraft:white_bed":2,"minecraft:acacia_planks":68,"minecraft:torch":172},"minecraft:broken":{"minecraft:stone_sword":1,"minecraft:stone_pickaxe":5,"minecraft:stone_axe":3,"minecraft:iron_pickaxe":2,"minecraft:stone_shovel":6},"minecraft:picked_up":{"minecraft:cocoa_beans":10,"minecraft:charcoal":4,"minecraft:crafting_table":23,"minecraft:chicken":9,"minecraft:oak_stairs":5,"minecraft:gold_block":2,"minecraft:cornflower":2,"minecraft:string":53,"minecraft:raw_copper":539,"minecraft:spruce_planks":7,"minecraft:beef":12,"minecraft:oak_boat":12,"minecraft:poppy":6,"minecraft:iron_pickaxe":1,"minecraft:sugar_cane":41,"minecraft:chest":3,"minecraft:furnace":6,"minecraft:egg":20,"minecraft:stick":29,"minecraft:raw_iron":56,"minecraft:oak_door":2,"minecraft:copper_ingot":45,"minecraft:oak_fence":7,"minecraft:torch":118,"minecraft:acacia_log":34,"sophisticatedbackpacks:backpack":9,"minecraft:porkchop":6,"minecraft:diorite":23,"minecraft:dark_oak_planks":7,"minecraft:stone_sword":7,"minecraft:arrow":12,"minecraft:rotten_flesh":10,"minecraft:mutton":26,"minecraft:rail":3,"minecraft:white_wool":7,"minecraft:cobblestone":1058,"minecraft:oxeye_daisy":2,"minecraft:feather":24,"minecraft:cooked_beef":51,"minecraft:andesite":1,"minecraft:leather":21,"minecraft:yellow_dye":4,"minecraft:potato":5,"minecraft:light_gray_dye":1,"minecraft:oak_log":851,"minecraft:gunpowder":15,"minecraft:lapis_lazuli":77,"minecraft:dirt":1391,"minecraft:cooked_mutton":4,"minecraft:bone":24,"minecraft:apple":1,"minecraft:stone_bricks":17,"minecraft:wheat_seeds":53,"minecraft:raw_gold":8,"minecraft:stone_pickaxe":10,"minecraft:oak_fence_gate":7,"minecraft:iron_ingot":5,"tacz:gun_smith_table":2,"minecraft:acacia_sapling":6,"minecraft:oak_planks":199,"minecraft:oak_slab":22,"minecraft:cooked_porkchop":23,"minecraft:pumpkin":6,"minecraft:dandelion":13,"minecraft:white_bed":7,"minecraft:spruce_log":2,"minecraft:spider_eye":5,"minecraft:leather_helmet":2,"minecraft:stone_axe":8,"minecraft:granite":1,"minecraft:gray_wool":3,"minecraft:oak_sapling":28,"minecraft:coal":289,"minecraft:ender_pearl":2}},"DataVersion":3120}