{"stats":{"minecraft:custom":{"minecraft:interact_with_furnace":3,"minecraft:mob_kills":12,"minecraft:interact_with_crafting_table":9,"minecraft:leave_game":1,"minecraft:time_since_death":3915,"minecraft:sleep_in_bed":3,"minecraft:time_since_rest":3950,"minecraft:sprint_one_cm":83643,"minecraft:damage_taken":970,"minecraft:walk_one_cm":60481,"minecraft:drop":1,"minecraft:damage_dealt":2140,"minecraft:swim_one_cm":3149,"minecraft:fly_one_cm":130710,"minecraft:crouch_one_cm":10650,"minecraft:play_time":26024,"minecraft:deaths":3,"minecraft:sneak_time":5774,"minecraft:walk_under_water_one_cm":836,"minecraft:jump":304,"minecraft:walk_on_water_one_cm":5930,"minecraft:total_world_time":26024,"minecraft:fall_one_cm":4252},"minecraft:picked_up":{"minecraft:crafting_table":10,"minecraft:feather":3,"minecraft:chicken":1,"minecraft:potato":3,"minecraft:oak_log":110,"minecraft:gunpowder":6,"minecraft:dirt":1,"minecraft:string":6,"minecraft:raw_copper":58,"minecraft:cooked_mutton":4,"minecraft:bone":6,"minecraft:stone_pickaxe":3,"minecraft:oak_planks":23,"minecraft:egg":3,"minecraft:oak_slab":6,"minecraft:stick":6,"minecraft:pumpkin":6,"minecraft:oak_fence":7,"minecraft:torch":1,"minecraft:white_bed":1,"minecraft:stone_sword":2,"minecraft:arrow":3,"minecraft:rotten_flesh":9,"minecraft:stone_axe":3,"minecraft:oak_sapling":6,"minecraft:mutton":10,"minecraft:coal":20,"minecraft:white_wool":3,"minecraft:cobblestone":184},"minecraft:crafted":{"minecraft:oak_planks":40,"minecraft:oak_slab":18,"minecraft:crafting_table":2,"minecraft:wooden_pickaxe":1,"minecraft:stone_axe":1,"minecraft:cooked_mutton":3,"minecraft:air":0,"minecraft:stick":8,"minecraft:stone_pickaxe":1,"minecraft:stone_sword":1,"minecraft:white_bed":1,"minecraft:torch":4,"minecraft:oak_fence":3},"minecraft:killed":{"minecraft:spider":1,"minecraft:creeper":2,"minecraft:sheep":3,"minecraft:horse":1,"minecraft:skeleton":1,"minecraft:zombie":3,"minecraft:chicken":1},"minecraft:mined":{"minecraft:oak_slab":3,"minecraft:white_bed":1,"minecraft:oak_fence":3,"minecraft:crafting_table":5,"minecraft:torch":1,"minecraft:grass_block":1,"minecraft:tall_grass":1,"minecraft:copper_ore":12,"minecraft:cobblestone":25,"minecraft:fire":1,"minecraft:pumpkin":2,"minecraft:grass":3,"minecraft:coal_ore":20,"minecraft:oak_log":42,"minecraft:stone":64,"minecraft:oak_leaves":3},"minecraft:killed_by":{"man:managgresive":1,"assimilator:assimilator":1,"sanitydim:rotting_stalker":1},"minecraft:used":{"minecraft:oak_fence":3,"minecraft:cooked_mutton":1,"minecraft:stone_pickaxe":119,"minecraft:wooden_pickaxe":3,"minecraft:torch":1,"minecraft:dirt":1,"minecraft:mutton":5,"minecraft:oak_slab":16,"minecraft:crafting_table":4,"minecraft:white_bed":2,"minecraft:chicken":1,"minecraft:stone_axe":78,"minecraft:cobblestone":57},"minecraft:dropped":{"minecraft:wooden_pickaxe":1}},"DataVersion":3120}