{"stats":{"minecraft:custom":{"minecraft:interact_with_furnace":15,"minecraft:mob_kills":36,"minecraft:animals_bred":3,"minecraft:interact_with_crafting_table":31,"minecraft:leave_game":3,"minecraft:time_since_death":19498,"minecraft:sleep_in_bed":13,"minecraft:time_since_rest":14600,"minecraft:sprint_one_cm":431870,"minecraft:damage_taken":2076,"minecraft:walk_one_cm":203379,"minecraft:drop":11,"minecraft:damage_dealt":4596,"minecraft:swim_one_cm":23704,"minecraft:fly_one_cm":500286,"minecraft:open_chest":13,"minecraft:crouch_one_cm":26479,"minecraft:play_time":102732,"minecraft:deaths":4,"minecraft:sneak_time":11533,"minecraft:walk_under_water_one_cm":4948,"minecraft:boat_one_cm":160741,"minecraft:jump":1755,"minecraft:walk_on_water_one_cm":19258,"minecraft:total_world_time":102732,"minecraft:fall_one_cm":29388},"minecraft:picked_up":{"minecraft:charcoal":4,"minecraft:crafting_table":16,"minecraft:cooked_beef":34,"minecraft:feather":13,"minecraft:chicken":9,"minecraft:leather":14,"minecraft:yellow_dye":4,"minecraft:potato":3,"minecraft:light_gray_dye":1,"minecraft:oak_log":723,"minecraft:gunpowder":7,"minecraft:cornflower":1,"minecraft:dirt":363,"minecraft:lapis_lazuli":36,"minecraft:string":11,"minecraft:raw_copper":90,"minecraft:cooked_mutton":4,"minecraft:bone":18,"minecraft:wheat_seeds":35,"minecraft:spruce_planks":7,"minecraft:beef":6,"minecraft:oak_fence_gate":4,"minecraft:stone_pickaxe":6,"minecraft:oak_boat":6,"minecraft:poppy":2,"minecraft:chest":1,"minecraft:sugar_cane":33,"minecraft:oak_planks":56,"minecraft:raw_iron":4,"minecraft:egg":13,"minecraft:oak_slab":20,"minecraft:stick":29,"minecraft:cooked_porkchop":15,"minecraft:pumpkin":6,"minecraft:copper_ingot":16,"minecraft:oak_fence":7,"minecraft:torch":15,"minecraft:dandelion":6,"sophisticatedbackpacks:backpack":1,"minecraft:porkchop":6,"minecraft:white_bed":4,"minecraft:spruce_log":2,"minecraft:spider_eye":2,"minecraft:dark_oak_planks":7,"minecraft:stone_sword":4,"minecraft:arrow":7,"minecraft:rotten_flesh":10,"minecraft:stone_axe":5,"minecraft:granite":1,"minecraft:gray_wool":3,"minecraft:oak_sapling":27,"minecraft:mutton":26,"minecraft:coal":89,"minecraft:oxeye_daisy":1,"minecraft:white_wool":7,"minecraft:cobblestone":430,"minecraft:ender_pearl":2},"minecraft:crafted":{"minecraft:oak_slab":42,"minecraft:oak_planks":220,"minecraft:stone_shovel":1,"sophisticatedbackpacks:backpack":4,"minecraft:cooked_porkchop":9,"minecraft:crafting_table":2,"minecraft:wooden_pickaxe":1,"minecraft:cooked_chicken":8,"minecraft:furnace":1,"minecraft:stone_axe":3,"minecraft:cooked_mutton":3,"minecraft:air":0,"minecraft:blue_dye":1,"minecraft:oak_fence_gate":5,"minecraft:oak_boat":2,"minecraft:yellow_dye":6,"minecraft:stick":44,"minecraft:stone_pickaxe":2,"minecraft:stone_sword":1,"minecraft:chest":1,"minecraft:light_gray_dye":1,"minecraft:white_bed":2,"minecraft:torch":24,"minecraft:oak_fence":15},"minecraft:killed":{"minecraft:pig":4,"minecraft:spider":3,"minecraft:creeper":4,"minecraft:horse":2,"minecraft:sheep":8,"minecraft:skeleton":1,"minecraft:zombie":3,"minecraft:chicken":9,"minecraft:cow":2},"minecraft:mined":{"minecraft:dark_oak_planks":10,"minecraft:oak_slab":5,"minecraft:white_bed":2,"minecraft:spruce_planks":10,"minecraft:dandelion":6,"minecraft:cornflower":1,"minecraft:oak_fence":3,"minecraft:crafting_table":7,"minecraft:torch":7,"minecraft:granite":1,"minecraft:grass_block":100,"minecraft:poppy":1,"minecraft:copper_ore":22,"minecraft:tall_grass":20,"minecraft:cobblestone":57,"minecraft:lapis_ore":6,"minecraft:sugar_cane":5,"minecraft:oxeye_daisy":1,"minecraft:sandstone":8,"minecraft:wall_torch":2,"minecraft:spruce_stairs":5,"minecraft:iron_ore":4,"minecraft:fire":1,"minecraft:spruce_log":2,"minecraft:pumpkin":2,"minecraft:dark_oak_stairs":1,"minecraft:grass":248,"minecraft:oak_log":285,"minecraft:coal_ore":35,"minecraft:oak_fence_gate":2,"minecraft:dirt":6,"minecraft:sand":1,"minecraft:stone":111,"minecraft:oak_leaves":20},"minecraft:killed_by":{"man:managgresive":1,"assimilator:assimilator":1,"sanitydim:rotting_stalker":1,"siren_head:siren_head":1},"minecraft:broken":{"minecraft:stone_pickaxe":1,"minecraft:stone_axe":2},"minecraft:used":{"minecraft:oak_fence":18,"minecraft:cooked_mutton":3,"minecraft:stone_sword":46,"minecraft:stone_shovel":96,"minecraft:stone_pickaxe":251,"minecraft:poppy":1,"minecraft:spruce_planks":2,"minecraft:wooden_pickaxe":3,"minecraft:cooked_chicken":4,"minecraft:torch":27,"minecraft:dirt":72,"minecraft:mutton":6,"minecraft:oak_slab":43,"minecraft:crafting_table":8,"minecraft:white_bed":6,"minecraft:granite":1,"minecraft:oak_fence_gate":7,"minecraft:chicken":1,"minecraft:stone_axe":364,"minecraft:cobblestone":116,"minecraft:furnace":1,"minecraft:cooked_porkchop":3,"minecraft:oak_boat":5,"minecraft:egg":9,"minecraft:cooked_beef":2},"minecraft:dropped":{"minecraft:stone_axe":1,"minecraft:cooked_chicken":4,"minecraft:cobblestone":61,"minecraft:rotten_flesh":1,"minecraft:oak_fence_gate":2,"minecraft:spruce_planks":5,"minecraft:stone_pickaxe":1,"minecraft:wooden_pickaxe":1,"minecraft:string":1,"minecraft:dark_oak_planks":7}},"DataVersion":3120}