{"stats":{"minecraft:custom":{"minecraft:interact_with_furnace":7,"minecraft:mob_kills":30,"minecraft:animals_bred":1,"minecraft:interact_with_crafting_table":16,"minecraft:leave_game":1,"minecraft:time_since_death":27915,"minecraft:sleep_in_bed":5,"minecraft:time_since_rest":9503,"minecraft:sprint_one_cm":209632,"minecraft:damage_taken":1085,"minecraft:walk_one_cm":114563,"minecraft:drop":7,"minecraft:damage_dealt":3730,"minecraft:swim_one_cm":18325,"minecraft:fly_one_cm":261350,"minecraft:open_chest":1,"minecraft:crouch_one_cm":16335,"minecraft:play_time":50024,"minecraft:deaths":3,"minecraft:sneak_time":7573,"minecraft:walk_under_water_one_cm":4407,"minecraft:jump":820,"minecraft:walk_on_water_one_cm":16598,"minecraft:total_world_time":50024,"minecraft:fall_one_cm":11093},"minecraft:picked_up":{"minecraft:crafting_table":10,"minecraft:feather":13,"minecraft:chicken":9,"minecraft:leather":6,"minecraft:potato":3,"minecraft:oak_log":198,"minecraft:gunpowder":7,"minecraft:lapis_lazuli":36,"minecraft:dirt":2,"minecraft:string":6,"minecraft:raw_copper":90,"minecraft:cooked_mutton":4,"minecraft:bone":6,"minecraft:wheat_seeds":10,"minecraft:spruce_planks":7,"minecraft:beef":6,"minecraft:oak_fence_gate":4,"minecraft:stone_pickaxe":4,"minecraft:sugar_cane":6,"minecraft:oak_planks":23,"minecraft:egg":9,"minecraft:oak_slab":7,"minecraft:stick":13,"minecraft:pumpkin":6,"minecraft:oak_fence":7,"minecraft:torch":6,"minecraft:porkchop":6,"minecraft:spruce_log":2,"minecraft:white_bed":1,"minecraft:dark_oak_planks":7,"minecraft:stone_sword":2,"minecraft:arrow":3,"minecraft:rotten_flesh":9,"minecraft:stone_axe":3,"minecraft:gray_wool":1,"minecraft:oak_sapling":13,"minecraft:mutton":12,"minecraft:coal":27,"minecraft:white_wool":4,"minecraft:cobblestone":229},"minecraft:crafted":{"minecraft:oak_planks":104,"minecraft:oak_slab":18,"minecraft:crafting_table":2,"minecraft:cooked_chicken":8,"minecraft:wooden_pickaxe":1,"minecraft:stone_axe":2,"minecraft:cooked_mutton":3,"minecraft:air":0,"minecraft:oak_fence_gate":3,"minecraft:stick":32,"minecraft:stone_pickaxe":2,"minecraft:stone_sword":1,"minecraft:white_bed":1,"minecraft:torch":16,"minecraft:oak_fence":15},"minecraft:killed":{"minecraft:pig":4,"minecraft:spider":1,"minecraft:creeper":3,"minecraft:sheep":5,"minecraft:horse":2,"minecraft:skeleton":1,"minecraft:zombie":3,"minecraft:chicken":9,"minecraft:cow":2},"minecraft:mined":{"minecraft:dark_oak_planks":10,"minecraft:oak_slab":4,"minecraft:spruce_planks":10,"minecraft:white_bed":1,"minecraft:oak_fence":3,"minecraft:crafting_table":5,"minecraft:torch":5,"minecraft:grass_block":1,"minecraft:tall_grass":6,"minecraft:copper_ore":22,"minecraft:cobblestone":31,"minecraft:lapis_ore":6,"minecraft:sugar_cane":2,"minecraft:sandstone":8,"minecraft:wall_torch":1,"minecraft:spruce_stairs":5,"minecraft:fire":1,"minecraft:spruce_log":2,"minecraft:pumpkin":2,"minecraft:dark_oak_stairs":1,"minecraft:grass":56,"minecraft:coal_ore":27,"minecraft:oak_log":134,"minecraft:oak_fence_gate":2,"minecraft:sand":1,"minecraft:stone":95,"minecraft:oak_leaves":14},"minecraft:killed_by":{"man:managgresive":1,"assimilator:assimilator":1,"sanitydim:rotting_stalker":1},"minecraft:broken":{"minecraft:stone_pickaxe":1,"minecraft:stone_axe":1},"minecraft:used":{"minecraft:oak_fence":18,"minecraft:cooked_mutton":1,"minecraft:stone_sword":34,"minecraft:stone_pickaxe":188,"minecraft:spruce_planks":2,"minecraft:wooden_pickaxe":3,"minecraft:cooked_chicken":4,"minecraft:torch":14,"minecraft:dirt":2,"minecraft:mutton":6,"minecraft:oak_slab":16,"minecraft:crafting_table":4,"minecraft:white_bed":2,"minecraft:oak_fence_gate":5,"minecraft:chicken":1,"minecraft:stone_axe":204,"minecraft:cobblestone":69,"minecraft:egg":6},"minecraft:dropped":{"minecraft:cooked_chicken":4,"minecraft:oak_fence_gate":2,"minecraft:spruce_planks":5,"minecraft:stone_pickaxe":1,"minecraft:wooden_pickaxe":1,"minecraft:dark_oak_planks":7}},"DataVersion":3120}